date,aqi,temperature,rainfall,wind_speed
2015-05-01,189,31.8,0.0,12.6
2015-05-02,94,31.9,0.0,15.2
2015-05-03,66,31.5,0.0,14.7
2015-05-04,77,30.2,1.5,16.2
2015-05-05,68,30.5,0.0,8.4
2015-05-06,82,30.4,1.0,11.5
2015-05-07,66,31.3,0.4,11.3
2015-05-08,74,32.2,0.0,13.1
2015-05-09,126,32.4,0.0,13.0
2015-05-10,93,31.6,0.0,12.7
2015-05-11,143,31.2,1.1,14.0
2015-05-12,68,30.8,0.5,12.6
2015-05-13,76,30.0,1.8,8.3
2015-05-14,88,30.3,0.1,10.3
2015-05-15,61,30.3,0.3,9.9
2015-05-16,72,27.9,8.5,9.2
2015-05-17,54,29.9,0.0,11.9
2015-05-18,60,31.5,0.0,14.2
2015-05-19,98,33.2,0.0,17.3
2015-05-20,103,34.3,0.0,24.5
2015-05-21,137,34.7,0.0,18.3
2015-05-22,146,34.8,0.0,22.2
2015-05-23,73,34.4,0.2,23.5
2015-05-25,85,33.6,0.0,25.3
2015-05-26,69,34.0,0.0,23.0
2015-05-27,123,34.4,0.0,21.7
2015-05-28,92,33.7,0.4,19.4
2015-05-29,76,34.3,0.0,24.2
2015-05-30,78,33.7,0.0,18.7
2015-05-31,100,34.0,0.1,15.9
2015-06-01,74,31.2,0.6,15.6
2015-06-03,77,30.7,1.3,10.2
2015-06-04,93,30.7,0.5,11.5
2015-06-05,80,29.6,2.8,16.6
2015-06-06,80,29.4,0.9,13.4
2015-06-08,69,29.0,0.1,16.3
2015-06-09,42,28.6,0.3,18.8
2015-06-10,40,29.2,3.8,19.4
2015-06-11,46,30.1,1.4,19.0
2015-06-13,40,26.6,7.3,15.2
2015-06-15,71,24.7,5.1,20.5
2015-06-16,51,25.7,1.3,25.8
2015-06-17,46,25.8,5.8,24.3
2015-06-18,41,25.1,13.2,25.7
2015-06-19,44,25.0,15.6,30.9
2015-06-20,49,24.2,14.0,33.8
2015-06-21,40,23.2,31.8,31.3
2015-06-22,37,25.0,4.3,32.7
2015-06-23,57,26.7,1.4,32.2
2015-06-24,240,26.7,7.3,33.2
2015-06-25,39,26.9,0.0,35.6
2015-06-26,52,27.0,0.0,32.1
2015-06-27,57,26.8,0.0,27.2
2015-06-28,66,27.1,0.0,23.0
2015-07-01,47,27.6,0.0,18.8
2015-07-02,44,26.9,0.3,20.9
2015-07-03,62,28.3,0.0,20.4
2015-07-04,56,28.7,0.0,22.4
2015-07-05,53,28.8,0.0,26.6
2015-07-06,45,28.8,0.0,28.4
2015-07-07,53,28.3,0.2,28.2
2015-07-08,48,28.7,0.6,25.8
2015-07-09,37,29.1,0.0,29.7
2015-07-10,44,28.2,0.4,28.9
2015-07-11,40,28.1,0.0,27.4
2015-07-12,44,28.8,0.0,21.7
2015-07-13,68,29.4,0.2,20.7
2015-07-14,60,29.2,2.3,15.3
2015-07-15,49,27.6,3.3,21.6
2015-07-16,57,29.3,0.0,22.0
2015-07-17,45,28.8,0.7,24.5
2015-07-18,37,28.4,0.4,24.6
2015-07-19,39,27.8,7.2,27.0
2015-07-20,41,27.3,0.9,29.1
2015-07-21,44,27.6,0.0,22.3
2015-07-22,40,26.2,5.2,18.8
2015-07-23,36,27.3,2.7,19.1
2015-07-24,40,27.2,1.7,17.7
2015-07-25,33,27.6,0.0,23.4
2015-07-26,39,26.8,2.8,23.5
2015-07-27,39,27.6,0.0,24.5
2015-07-28,39,28.3,0.0,25.9
2015-07-29,49,27.8,0.0,30.0
2015-07-30,36,26.8,0.0,24.8
2015-07-31,35,27.1,1.4,23.3
2015-08-01,27,27.6,0.0,20.6
2015-08-02,52,28.4,0.0,19.1
2015-08-03,40,28.1,0.0,21.6
2015-08-04,43,27.4,0.0,24.5
2015-08-05,36,26.4,0.1,29.2
2015-08-06,41,26.0,0.8,24.0
2015-08-07,41,26.6,2.9,22.9
2015-08-08,45,26.0,5.4,20.7
2015-08-09,39,25.8,1.9,17.9
2015-08-10,48,25.8,6.5,20.3
2015-08-11,34,25.0,15.7,19.5
2015-08-12,32,23.3,19.8,17.6
2015-08-13,40,24.3,6.8,24.4
2015-08-14,46,26.0,0.8,20.4
2015-08-15,56,26.7,0.1,19.8
2015-08-16,46,26.1,0.4,16.4
2015-08-17,55,26.9,0.2,14.1
2015-08-18,53,26.9,0.8,11.2
2015-08-19,59,27.1,5.0,9.9
2015-08-20,107,25.9,5.1,11.3
2015-08-21,124,25.6,1.7,16.6
2015-08-22,152,26.1,0.1,18.2
2015-08-23,79,26.4,0.0,18.6
2015-08-24,101,26.9,0.0,20.3
2015-08-25,201,27.0,0.1,21.7
2015-08-26,54,26.7,0.1,23.4
2015-08-27,99,26.0,2.3,20.7
2015-08-29,69,25.2,2.8,23.6
2015-08-30,55,26.4,0.4,18.7
2015-08-31,40,27.2,0.0,18.9
2015-09-01,142,27.2,0.0,16.9
2015-09-02,137,27.0,0.6,17.2
2015-09-03,229,27.3,0.2,8.1
2015-09-04,217,28.2,0.0,12.0
2015-09-05,154,27.3,3.7,11.8
2015-09-06,173,26.3,14.5,10.0
2015-09-07,104,25.5,6.2,16.3
2015-09-08,117,25.4,7.4,12.7
2015-09-09,123,24.8,5.2,11.3
2015-09-10,64,25.2,10.1,12.3
2015-09-11,98,25.4,7.3,12.7
2015-09-12,101,24.2,11.6,16.2
2015-09-13,112,24.8,12.7,19.2
2015-09-14,104,24.3,10.9,19.5
2015-09-15,144,24.2,1.8,20.9
2015-09-16,89,24.2,7.2,21.6
2015-09-18,67,26.4,0.2,21.9
2015-09-19,152,26.2,0.0,15.5
2015-09-20,240,25.6,0.0,13.4
2015-09-21,197,26.0,0.0,15.3
2015-09-22,151,26.1,0.0,14.4
2015-09-23,255,26.9,0.0,10.7
2015-09-24,88,27.3,0.0,10.5
2015-09-26,159,26.3,1.6,10.9
2015-09-27,136,26.7,0.0,13.7
2015-09-28,154,25.8,0.0,12.6
2015-09-29,137,25.9,1.0,12.6
2015-09-30,232,26.0,0.4,11.3
2015-10-01,322,24.8,3.7,13.2
2015-10-02,67,25.3,3.6,12.5
2015-10-03,74,25.8,9.7,12.9
2015-10-04,63,25.9,7.2,10.7
2015-10-05,111,26.0,0.9,12.8
2015-10-06,227,26.5,0.0,13.8
2015-10-07,205,26.5,0.0,13.2
2015-10-08,235,26.8,0.0,8.7
2015-10-09,234,27.3,0.0,12.1
2015-10-10,151,28.0,0.0,12.6
2015-10-11,72,27.0,3.2,14.4
2015-10-12,172,27.8,0.0,9.0
2015-10-13,113,28.5,0.0,9.2
2015-10-14,156,28.7,0.0,11.4
2015-10-15,246,28.1,0.0,9.3
2015-10-16,217,27.4,0.1,10.0
2015-10-17,192,27.1,0.7,12.5
2015-10-18,132,27.4,0.4,10.8
2015-10-19,122,27.7,0.0,11.3
2015-10-20,177,27.8,0.0,13.4
2015-10-21,175,28.1,0.0,14.1
2015-10-23,157,27.9,0.0,11.3
2015-10-24,154,27.8,0.0,13.0
2015-10-25,191,27.2,0.0,13.9
2015-10-26,174,26.6,0.0,13.9
2015-10-27,181,26.5,0.0,11.7
2015-10-28,163,25.6,0.0,16.8
2015-10-29,140,25.4,1.9,12.5
2015-10-30,291,25.7,0.3,10.9
2015-10-31,282,26.1,0.0,13.8
2015-11-01,74,26.0,0.0,12.8
2015-11-02,80,26.3,0.0,11.6
2015-11-03,79,27.1,0.0,10.2
2015-11-04,87,27.2,0.0,11.7
2015-11-05,84,26.5,0.0,11.1
2015-11-06,188,26.7,0.0,13.4
2015-11-07,162,26.4,0.0,13.0
2015-11-08,99,26.3,0.0,15.8
2015-11-09,99,25.2,0.0,16.8
2015-11-10,131,24.3,0.0,21.6
2015-11-11,61,25.4,0.0,18.7
2015-11-12,207,25.4,0.0,15.1
2015-11-13,155,25.6,0.0,15.8
2015-11-14,116,25.2,0.0,16.6
2015-11-15,147,25.3,0.3,15.2
2015-11-16,121,23.1,0.1,14.1
2015-11-17,107,23.9,0.0,20.4
2015-11-18,81,24.4,0.0,19.9
2015-11-19,88,23.9,0.0,21.4
2015-11-21,68,24.8,0.0,17.2
2015-11-22,106,25.5,0.0,15.4
2015-11-23,94,25.1,0.0,16.4
2015-11-24,72,25.2,0.2,10.9
2015-11-25,120,25.3,0.0,13.0
2015-11-26,186,24.9,0.0,12.3
2015-11-27,172,25.4,0.0,15.3
2015-11-28,182,25.4,0.0,15.0
2015-11-29,149,24.6,0.0,18.4
2015-11-30,94,21.6,9.5,11.5
2015-12-01,73,24.0,0.2,13.0
2015-12-02,61,23.6,0.0,16.1
2015-12-03,69,24.0,0.0,10.3
2015-12-04,91,24.5,0.0,12.2
2015-12-05,119,24.6,0.0,14.4
2015-12-07,156,24.1,0.0,12.7
2015-12-08,146,24.1,0.0,11.4
2015-12-09,127,23.5,0.0,12.2
2015-12-10,99,24.0,0.0,14.3
2015-12-11,54,25.8,0.0,13.2
2015-12-12,75,27.1,0.0,11.1
2015-12-13,84,27.0,0.0,12.5
2015-12-14,70,26.8,0.0,13.3
2015-12-15,63,26.4,0.0,16.3
2015-12-16,78,25.7,0.0,18.7
2015-12-17,52,24.6,0.0,15.5
2015-12-18,78,24.8,0.0,12.0
2015-12-19,76,25.1,0.0,14.3
2015-12-20,66,25.3,0.0,15.8
2015-12-21,69,25.3,0.0,11.3
2015-12-22,87,25.6,0.0,13.0
2015-12-23,81,25.7,0.0,11.6
2015-12-24,103,25.8,0.0,12.8
2015-12-25,138,22.6,0.0,15.7
2015-12-26,186,20.6,0.0,12.1
2015-12-27,166,21.5,0.0,10.8
2015-12-28,138,22.6,0.0,13.4
2015-12-29,142,23.7,0.0,14.3
2015-12-30,153,24.1,0.0,14.7
2015-12-31,190,24.4,0.0,14.0
2016-01-01,230,23.8,0.0,12.3
2016-01-02,135,24.1,0.0,9.0
2016-01-03,134,24.0,0.0,8.9
2016-01-04,178,23.5,0.0,8.2
2016-01-05,164,23.6,0.0,9.1
2016-01-06,190,23.2,0.0,11.5
2016-01-07,146,23.1,0.0,11.9
2016-01-08,133,23.1,0.0,8.5
2016-01-09,168,23.3,0.0,9.7
2016-01-10,196,23.5,0.0,12.2
2016-01-11,129,23.2,0.0,10.9
2016-01-12,179,22.7,0.0,9.1
2016-01-13,222,23.2,0.0,11.6
2016-01-14,120,23.7,0.0,15.3
2016-01-15,117,23.0,0.0,17.9
2016-01-16,99,23.5,0.0,17.3
2016-01-17,117,24.0,0.0,17.6
2016-01-18,103,23.2,0.0,17.6
2016-01-19,82,22.5,0.4,15.8
2016-01-20,137,21.3,1.4,9.5
2016-01-21,125,21.5,0.0,13.8
2016-01-22,95,21.6,0.0,13.5
2016-01-23,120,22.3,0.0,10.3
2016-01-24,134,22.9,0.0,12.5
2016-01-25,148,23.4,0.2,14.5
2016-01-26,96,24.1,0.0,13.8
2016-01-27,97,24.8,0.0,12.8
2016-01-28,125,25.6,0.0,9.2
2016-01-29,104,24.8,0.0,13.2
2016-01-30,107,25.1,0.0,9.5
2016-01-31,146,25.8,0.0,9.4
2016-02-01,131,26.5,0.0,9.0
2016-02-02,126,27.2,0.0,10.8
2016-02-03,97,26.5,0.0,9.2
2016-02-04,100,25.8,0.0,11.0
2016-02-05,146,25.3,0.0,15.3
2016-02-06,117,25.7,0.0,16.3
2016-02-07,118,25.9,0.0,15.4
2016-02-08,134,26.3,0.0,13.7
2016-02-09,141,27.2,0.0,12.8
2016-02-10,120,27.7,0.0,18.1
2016-02-11,116,27.3,0.0,19.8
2016-02-12,128,27.3,0.0,16.3
2016-02-13,111,27.0,0.0,17.6
2016-02-14,108,26.7,0.0,17.9
2016-02-15,91,26.3,0.0,21.9
2016-02-16,61,25.1,0.0,18.5
2016-02-17,74,25.0,0.0,20.6
2016-02-18,80,25.5,0.0,18.2
2016-02-19,68,25.7,0.0,14.3
2016-02-20,98,27.1,0.0,9.5
2016-02-21,295,28.4,0.0,11.1
2016-02-22,290,29.4,0.0,16.2
2016-02-23,125,29.4,0.0,18.4
2016-02-24,97,28.3,0.0,16.5
2016-02-25,93,28.2,0.0,20.1
2016-02-26,88,26.7,0.0,18.2
2016-02-27,68,26.6,0.0,16.0
2016-02-28,79,26.8,0.5,14.0
2016-02-29,73,27.5,0.2,13.3
2016-03-01,76,27.6,0.3,13.8
2016-03-02,91,26.9,2.2,10.2
2016-03-03,89,27.1,0.2,11.3
2016-03-04,108,27.2,1.7,11.3
2016-03-05,118,27.4,1.5,9.3
2016-03-06,94,28.4,0.0,17.4
2016-03-07,75,27.6,0.0,15.8
2016-03-08,77,27.9,0.0,14.8
2016-03-09,83,28.5,0.0,15.8
2016-03-10,123,29.7,0.0,14.6
2016-03-11,108,30.1,0.0,15.0
2016-03-12,127,30.5,0.0,19.6
2016-03-13,103,29.6,0.0,15.5
2016-03-14,106,28.5,0.2,18.1
2016-03-15,89,27.6,0.6,16.8
2016-03-16,87,29.5,0.0,16.9
2016-03-17,80,30.1,0.0,14.9
2016-03-18,88,30.9,0.0,15.2
2016-03-19,92,31.2,0.0,12.8
2016-03-20,121,31.5,0.0,15.5
2016-03-21,106,31.5,0.0,14.3
2016-03-22,101,30.9,0.0,12.2
2016-03-23,101,30.9,0.0,13.0
2016-03-24,145,31.1,0.0,12.1
2016-03-25,143,31.2,0.0,13.0
2016-03-26,120,30.9,0.0,14.7
2016-03-27,136,31.2,0.0,14.8
2016-03-28,115,29.3,0.0,16.9
2016-03-29,107,30.3,0.0,13.8
2016-03-30,104,30.5,0.5,14.8
2016-03-31,88,30.4,0.0,16.5
2016-04-01,88,30.9,0.0,13.6
2016-04-02,100,31.7,0.0,16.8
2016-04-03,99,32.2,0.0,14.3
2016-04-04,106,32.4,0.0,14.6
2016-04-05,108,31.4,0.0,12.3
2016-04-07,85,31.7,0.0,16.1
2016-04-08,85,31.2,0.0,17.6
2016-04-09,72,30.8,0.0,17.1
2016-04-10,75,31.6,0.0,16.3
2016-04-11,93,32.5,0.0,12.2
2016-04-12,90,33.5,0.0,12.8
2016-04-13,101,33.8,0.0,13.0
2016-04-14,132,33.4,0.0,15.6
2016-04-15,98,33.5,0.0,17.9
2016-04-16,93,33.9,0.0,15.7
2016-04-17,120,33.8,0.0,16.8
2016-04-18,94,32.6,0.1,17.9
2016-04-19,79,32.2,0.0,14.4
2016-04-20,83,32.7,0.0,13.5
2016-04-21,89,34.0,0.0,14.4
2016-04-22,100,35.7,0.0,11.7
2016-04-23,93,34.6,0.0,19.4
2016-04-27,101,33.3,0.0,16.3
2016-04-28,89,33.6,0.0,12.4
2016-04-29,72,34.3,0.0,14.6
2016-04-30,72,33.6,0.9,14.4
2016-05-01,89,33.5,0.6,14.2
2016-05-02,76,33.6,3.1,18.1
2016-05-03,94,32.2,2.4,14.8
2016-05-04,59,30.6,1.5,15.6
2016-05-05,51,30.8,0.8,14.2
2016-05-06,73,29.2,2.1,18.0
2016-05-07,90,30.2,0.0,12.3
2016-05-08,71,30.3,1.1,14.3
2016-05-09,114,29.6,2.2,9.8
2016-05-11,88,30.6,0.5,10.8
2016-05-12,94,31.9,0.0,13.1
2016-05-13,79,33.3,0.0,11.3
2016-05-14,87,33.7,0.4,21.1
2016-05-15,64,32.6,0.3,19.5
2016-05-16,64,32.2,0.0,16.1
2016-05-17,55,31.4,0.0,18.2
2016-05-18,62,30.0,0.3,17.9
2016-05-19,63,29.6,1.0,19.8
2016-05-20,71,30.3,1.0,26.9
2016-05-21,59,33.0,0.0,27.3
2016-05-22,74,33.6,0.0,24.8
2016-05-23,73,33.4,0.0,26.2
2016-05-24,64,33.7,0.0,24.3
2016-05-25,84,33.6,0.0,26.4
2016-05-26,58,33.7,0.0,20.6
2016-05-27,61,33.8,0.0,23.1
2016-05-28,58,33.8,0.0,21.7
2016-05-29,59,32.8,0.0,23.1
2016-05-30,52,32.9,0.0,22.0
2016-05-31,49,32.9,0.2,21.9
2016-06-01,56,33.1,0.8,19.1
2016-06-02,85,31.2,0.4,20.4
2016-06-03,55,31.8,0.4,19.8
2016-06-04,63,29.6,4.9,21.1
2016-06-05,57,27.0,27.4,19.3
2016-06-07,62,26.0,32.0,15.2
2016-06-08,73,27.0,6.4,18.4
2016-06-09,53,27.6,4.8,20.6
2016-06-10,56,27.3,5.0,17.0
2016-06-12,40,27.0,0.4,24.6
2016-06-13,42,27.3,0.7,22.7
2016-06-14,77,28.4,0.0,24.5
2016-06-15,105,28.2,0.0,26.7
2016-06-16,443,28.5,0.0,25.4
2016-06-17,65,29.2,0.0,22.4
2016-06-19,58,24.1,18.3,12.5
2016-06-20,48,25.7,0.1,17.5
2016-06-21,56,26.5,1.2,14.8
2016-06-22,48,26.8,0.3,17.1
2016-06-23,38,27.4,2.3,22.0
2016-06-24,30,27.1,2.0,22.9
2016-06-25,37,26.3,3.2,23.7
2016-06-26,39,25.3,2.7,24.5
2016-06-27,38,25.2,4.3,20.8
2016-06-28,59,24.4,17.5,24.6
2016-06-29,39,23.5,39.2,25.3
2016-06-30,30,24.1,12.1,30.4
2016-07-01,34,24.2,22.3,28.5
2016-07-02,56,24.6,17.3,27.8
2016-07-03,57,25.6,1.9,30.1
2016-07-05,57,25.6,6.6,28.8
2016-07-07,47,24.9,0.1,29.7
2016-07-08,48,25.1,5.5,32.3
2016-07-09,37,23.5,23.5,27.9
2016-07-10,58,23.2,25.9,29.7
2016-07-11,132,23.0,40.2,28.8
2016-07-12,243,25.1,1.0,31.2
2016-07-13,15,26.0,0.1,26.0
2016-07-14,23,26.1,0.0,22.7
2016-07-15,36,26.6,0.0,17.7
2016-07-16,31,26.0,0.0,16.4
2016-07-17,38,26.1,0.0,14.8
2016-07-18,28,26.0,2.3,16.4
2016-07-20,16,24.1,11.3,20.0
2016-07-25,23,25.0,14.9,14.3
2016-07-26,27,25.5,9.2,12.5
2016-07-27,43,24.9,9.4,11.7
2016-07-28,32,25.1,15.3,7.2
2016-07-29,26,24.8,8.3,13.0
2016-07-30,96,24.7,10.1,16.6
2016-07-31,170,23.5,10.1,23.6
2016-08-01,131,23.2,16.1,27.0
2016-08-02,181,24.1,4.4,37.1
2016-08-04,16,24.0,4.6,26.3
2016-08-07,14,25.1,1.3,30.3
2016-08-08,14,25.3,0.1,27.4
2016-08-09,16,25.4,0.0,27.6
2016-08-10,16,25.4,0.1,29.1
2016-08-11,24,25.6,0.0,25.3
2016-08-12,32,25.8,0.3,24.2
2016-08-13,20,25.6,1.4,22.3
2016-08-14,21,25.7,0.0,25.0
2016-08-15,25,25.7,0.4,28.8
2016-08-16,28,25.5,0.4,31.0
2016-08-17,31,25.3,0.0,32.1
2016-08-18,23,25.4,0.1,23.2
2016-08-19,25,25.3,0.0,25.7
2016-08-20,37,25.6,0.0,20.2
2016-08-21,34,26.0,0.1,19.2
2016-08-22,59,26.2,0.0,19.4
2016-08-23,25,26.2,0.0,19.4
2016-08-24,18,26.4,0.3,19.4
2016-08-25,25,26.3,2.2,16.5
2016-08-26,43,26.7,0.2,13.8
2016-08-27,43,26.3,1.3,17.4
2016-08-28,17,25.5,3.6,18.1
2016-08-29,15,25.6,7.8,15.6
2016-08-30,27,24.7,11.8,19.2
2016-08-31,31,23.5,29.5,15.3
2016-09-01,19,24.8,3.4,17.4
2016-09-02,19,25.3,2.4,18.8
2016-09-03,17,24.8,1.9,17.1
2016-09-04,31,25.2,0.0,19.7
2016-09-05,53,24.9,0.0,21.7
2016-09-06,60,24.6,0.0,19.5
2016-09-07,57,24.6,0.0,20.6
2016-09-08,57,24.9,0.2,17.1
2016-09-09,38,25.3,0.8,19.9
2016-09-10,53,23.5,24.9,16.5
2016-09-11,35,23.1,22.1,20.8
2016-09-12,40,23.4,11.4,22.5
2016-09-13,34,22.3,33.4,20.7
2016-09-14,27,23.0,15.5,14.9
2016-09-15,27,23.2,17.1,12.9
2016-09-16,26,24.0,6.6,14.4
2016-09-17,21,23.7,1.2,22.1
2016-09-18,27,24.5,0.9,23.2
2016-09-19,25,24.8,0.5,26.1
2016-09-20,28,24.1,5.4,22.9
2016-09-21,44,23.0,16.5,17.8
2016-09-22,33,23.1,17.9,18.1
2016-09-23,27,22.5,46.1,19.1
2016-09-24,28,22.5,12.7,17.9
2016-09-25,35,23.4,7.2,23.2
2016-09-26,42,24.1,18.2,19.5
2016-09-27,55,24.2,9.7,16.5
2016-09-28,80,25.8,0.7,14.5
2016-09-29,91,26.0,0.7,18.1
2016-09-30,73,25.3,0.7,18.9
2016-10-01,62,23.4,22.1,16.2
2016-10-02,36,24.3,2.5,14.5
2016-10-03,41,24.5,0.0,16.9
2016-10-04,47,24.5,0.0,14.8
2016-10-05,31,24.6,0.0,19.8
2016-10-06,34,24.8,0.4,15.6
2016-10-07,42,25.1,1.1,16.9
2016-10-08,48,24.0,18.4,15.5
2016-10-09,31,24.5,10.9,19.3
2016-10-10,52,25.4,0.3,18.0
2016-10-11,87,25.8,0.3,11.5
2016-10-12,99,25.4,0.0,10.3
2016-10-13,117,24.4,0.0,10.6
2016-10-14,92,23.5,0.0,11.1
2016-10-15,89,23.7,0.0,10.2
2016-10-16,136,23.8,0.0,10.0
2016-10-17,112,23.4,0.0,13.2
2016-10-18,114,23.6,0.0,12.1
2016-10-19,119,23.4,0.0,12.1
2016-10-20,128,23.4,0.0,13.0
2016-10-21,143,23.4,0.0,15.3
2016-10-22,122,23.1,0.0,13.4
2016-10-23,119,23.9,0.0,10.2
2016-10-24,120,24.1,0.0,9.5
2016-10-25,119,24.0,0.0,12.7
2016-10-26,112,23.3,0.0,15.6
2016-10-27,119,23.2,0.0,18.1
2016-10-28,110,23.9,0.0,14.4
2016-10-29,134,24.1,0.0,7.7
2016-10-30,120,23.9,1.1,11.6
2016-10-31,89,23.4,4.0,10.0
2016-11-01,111,24.3,0.0,14.0
2016-11-02,117,24.1,0.0,13.7
2016-11-03,110,24.4,0.0,11.0
2016-11-04,102,24.1,0.0,14.4
2016-11-05,110,23.7,0.0,14.0
2016-11-06,122,23.8,0.0,12.0
2016-11-07,115,22.3,0.0,16.4
2016-11-08,119,21.8,0.0,14.0
2016-11-09,125,22.0,0.0,11.0
2016-11-10,150,22.0,0.0,10.7
2016-11-11,147,21.3,0.0,10.3
2016-11-12,158,21.7,0.0,9.7
2016-11-13,167,23.0,0.0,10.0
2016-11-14,139,23.9,0.0,11.5
2016-11-15,125,24.1,0.6,8.1
2016-11-16,141,24.0,0.0,10.5
2016-11-17,125,23.7,0.0,11.0
2016-11-18,123,22.9,0.0,14.4
2016-11-19,152,21.6,0.0,12.5
2016-11-20,138,21.8,0.0,9.0
2016-11-21,134,21.8,0.0,10.9
2016-11-22,125,22.2,0.0,10.0
2016-11-23,124,21.8,0.0,10.0
2016-11-24,150,22.1,0.0,11.0
2016-11-25,115,21.8,0.0,12.2
2016-11-26,126,21.7,0.0,10.5
2016-11-27,132,22.3,0.0,14.0
2016-11-28,137,22.6,0.0,13.8
2016-11-29,109,22.4,0.0,10.2
2016-11-30,127,22.1,0.0,10.0
2016-12-01,141,22.5,0.0,13.5
2016-12-02,104,23.2,0.0,12.6
2016-12-03,127,23.7,1.8,13.6
2016-12-04,103,23.6,0.0,10.5
2016-12-05,127,23.2,0.0,13.0
2016-12-06,130,21.5,0.0,10.7
2016-12-07,165,21.6,0.0,10.7
2016-12-08,162,21.0,0.0,10.5
2016-12-09,169,20.3,0.0,11.8
2016-12-10,136,19.9,0.0,12.9
2016-12-11,158,21.3,0.0,14.5
2016-12-12,128,23.0,0.0,17.4
2016-12-13,87,22.8,0.3,22.1
2016-12-14,85,22.1,2.4,13.6
2016-12-15,155,23.2,0.0,11.5
2016-12-16,147,23.0,0.0,9.1
2016-12-17,136,23.0,0.0,10.5
2016-12-18,121,21.4,0.0,12.1
2016-12-19,144,20.6,0.0,9.7
2016-12-20,159,20.0,0.0,9.6
2016-12-21,143,21.1,0.0,10.9
2016-12-22,150,20.7,0.0,11.1
2016-12-23,151,20.8,0.0,11.7
2016-12-24,108,20.9,0.0,10.7
2016-12-25,105,20.7,0.0,9.4
2016-12-26,116,21.6,0.0,11.0
2016-12-27,104,21.0,0.0,12.2
2016-12-28,178,20.0,0.0,10.2
2016-12-29,170,20.5,0.0,11.2
2016-12-30,188,21.7,0.0,9.4
2016-12-31,191,21.5,0.0,10.2
2017-01-01,146,21.9,0.0,9.6
2017-01-02,128,22.3,0.0,9.0
2017-01-03,141,21.8,0.0,10.4
2017-01-04,190,20.4,0.0,9.6
2017-01-05,237,20.7,0.0,9.2
2017-01-06,174,21.3,0.0,9.4
2017-01-07,181,21.3,0.0,10.9
2017-01-08,142,21.5,0.0,11.9
2017-01-09,103,22.3,0.0,13.6
2017-01-10,120,21.9,0.0,10.0
2017-01-11,171,21.5,0.0,11.5
2017-01-12,204,20.2,0.0,10.5
2017-01-13,214,20.7,0.0,11.6
2017-01-14,164,21.5,0.0,14.6
2017-01-15,168,21.5,0.0,16.3
2017-01-16,190,21.5,0.0,9.8
2017-01-17,159,21.9,0.0,12.2
2017-01-18,108,21.3,0.0,15.0
2017-01-19,139,20.6,0.0,13.7
2017-01-20,184,21.4,0.0,13.1
2017-01-21,167,22.1,0.0,15.7
2017-01-22,133,23.1,0.0,12.0
2017-01-23,183,23.6,0.0,13.6
2017-01-24,183,22.5,0.0,14.3
2017-01-25,168,22.0,0.0,12.3
2017-01-26,159,21.6,0.0,12.1
2017-01-27,121,22.9,0.0,8.4
2017-01-28,143,23.5,0.0,10.3
2017-01-29,203,23.1,0.0,11.5
2017-01-30,167,22.2,0.0,11.1
2017-01-31,151,23.5,0.0,9.4
2017-02-01,188,24.2,0.0,11.6
2017-02-02,112,24.0,0.0,13.5
2017-02-03,138,23.3,0.0,11.6
2017-02-04,169,23.6,0.0,12.8
2017-02-05,205,22.8,0.0,10.3
2017-02-06,170,23.9,0.0,8.9
2017-02-07,225,24.5,0.0,10.1
2017-02-08,184,24.6,0.0,11.6
2017-02-09,197,24.6,0.0,10.0
2017-02-10,162,25.0,0.0,13.8
2017-02-11,129,24.4,0.0,17.1
2017-02-12,87,22.8,0.0,14.9
2017-02-13,85,22.8,0.0,17.1
2017-02-14,147,23.4,0.0,14.1
2017-02-15,157,23.5,0.0,14.6
2017-02-16,161,23.7,0.0,12.8
2017-02-17,211,24.1,0.0,18.2
2017-02-18,191,24.4,0.0,15.5
2017-02-19,183,24.6,0.0,13.0
2017-02-20,186,25.3,0.0,11.2
2017-02-21,162,26.3,0.0,12.0
2017-02-22,179,26.5,0.0,11.0
2017-02-23,196,27.2,0.0,10.5
2017-02-24,196,27.3,0.0,10.7
2017-02-25,212,25.3,0.0,11.8
2017-02-26,176,25.1,0.0,15.0
2017-02-27,223,25.5,0.0,15.0
2017-02-28,219,25.6,0.0,14.5
2017-03-01,188,26.1,0.0,11.5
2017-03-02,194,25.8,0.0,14.4
2017-03-03,147,26.1,0.0,17.4
2017-03-04,152,25.7,0.0,13.3
2017-03-05,83,26.4,0.0,14.7
2017-03-06,92,26.9,0.0,17.6
2017-03-07,98,26.8,0.2,17.6
2017-03-08,163,27.1,0.0,17.1
2017-03-09,190,26.5,0.0,16.3
2017-03-10,95,27.0,0.0,19.7
2017-03-11,133,25.4,0.0,16.7
2017-03-12,169,24.4,0.0,14.1
2017-03-13,213,26.0,0.0,10.0
2017-03-14,123,26.8,0.0,16.9
2017-03-15,67,26.3,0.2,13.5
2017-03-16,94,26.5,3.4,10.8
2017-03-17,133,25.8,1.5,10.6
2017-03-18,163,26.3,0.0,15.3
2017-03-19,175,27.0,0.0,13.9
2017-03-20,137,27.1,0.0,13.6
2017-03-21,138,27.2,0.0,11.9
2017-03-22,150,27.4,0.0,10.6
2017-03-23,188,27.9,0.0,11.2
2017-03-24,145,29.0,0.0,10.8
2017-03-25,184,29.6,0.0,10.7
2017-03-26,163,29.8,0.0,13.3
2017-03-27,196,30.1,0.0,13.3
2017-03-28,178,30.5,0.0,10.5
2017-03-29,151,30.3,0.0,11.7
2017-03-30,108,30.7,0.0,14.5
2017-03-31,131,31.1,0.0,16.3
2017-04-01,176,31.4,0.0,17.6
2017-04-02,138,30.7,0.0,15.2
2017-04-03,159,30.1,0.3,11.4
2017-04-04,116,29.9,0.4,11.8
2017-04-05,121,30.0,1.5,14.4
2017-04-06,126,30.7,0.0,13.0
2017-04-07,127,30.3,0.4,11.9
2017-04-08,158,30.5,0.0,11.1
2017-04-09,191,31.2,0.0,10.0
2017-04-10,186,31.2,0.5,12.3
2017-04-11,202,30.6,0.0,16.0
2017-04-14,185,30.1,0.0,10.5
2017-04-15,147,31.3,0.1,12.4
2017-04-16,154,31.9,0.0,12.6
2017-04-17,204,32.3,0.0,17.7
2017-04-18,199,32.0,0.0,13.6
2017-04-19,159,31.4,0.0,13.4
2017-04-20,125,32.3,0.0,13.9
2017-04-21,149,32.3,0.0,17.6
2017-04-22,142,32.1,0.0,17.2
2017-04-23,168,32.2,0.0,17.7
2017-04-24,172,31.9,0.0,18.6
2017-04-25,165,31.2,0.0,15.1
2017-04-26,187,31.8,0.0,14.8
2017-04-27,186,31.6,0.0,13.4
2017-04-28,149,30.4,1.6,16.8
2017-04-29,136,30.2,0.0,18.2
2017-04-30,148,29.7,0.3,14.1
2017-05-01,146,29.3,2.2,16.3
2017-05-02,158,29.5,0.3,12.8
2017-05-03,114,30.7,0.2,13.3
2017-05-04,196,31.4,0.0,16.4
2017-05-05,173,32.1,0.1,10.5
2017-05-06,147,31.5,0.5,22.1
2017-05-07,115,30.4,0.0,14.0
2017-05-08,160,31.1,0.0,13.7
2017-05-09,121,31.4,0.0,11.1
2017-05-10,145,30.4,0.2,11.9
2017-05-11,116,30.2,1.4,10.8
2017-05-12,80,30.6,0.1,12.5
2017-05-13,117,32.1,0.1,10.8
2017-05-14,120,32.1,0.5,14.2
2017-05-15,81,33.0,0.0,21.4
2017-05-16,133,33.8,0.1,17.7
2017-05-17,120,33.0,0.1,18.4
2017-05-18,145,33.2,0.0,18.6
2017-05-19,164,33.5,0.0,20.5
2017-05-20,125,33.6,0.2,19.4
2017-05-21,139,33.9,0.0,14.1
2017-05-22,131,33.5,0.1,15.6
2017-05-23,136,33.7,0.0,18.4
2017-05-24,160,34.2,0.0,15.0
2017-05-25,153,33.6,0.0,12.4
2017-05-26,127,33.3,0.0,23.4
2017-05-27,91,32.7,4.5,22.0
2017-05-28,105,31.5,3.1,20.3
2017-05-29,74,31.9,0.1,25.2
2017-05-30,91,31.5,0.0,25.8
2017-05-31,61,31.5,0.0,19.0
2017-06-01,58,31.7,0.0,16.0
2017-06-02,92,32.3,0.6,14.3
2017-06-03,69,31.9,5.1,21.7
2017-06-04,65,29.7,1.8,22.1
2017-06-05,82,30.7,4.1,22.0
2017-06-06,73,28.9,3.5,20.6
2017-06-07,66,27.0,12.5,21.9
2017-06-08,50,26.4,6.0,23.1
2017-06-09,167,27.2,7.6,22.6
2017-06-10,55,27.0,3.6,16.7
2017-06-11,38,26.7,5.1,18.0
2017-06-12,36,26.3,2.8,23.6
2017-06-13,45,25.0,15.4,18.7
2017-06-14,69,26.2,5.3,16.9
2017-06-15,59,25.8,24.3,17.6
2017-06-16,54,24.9,18.0,15.5
2017-06-17,57,25.7,10.4,14.4
2017-06-19,47,25.8,8.5,19.0
2017-06-20,41,26.3,4.6,23.4
2017-06-21,47,27.2,1.1,22.3
2017-06-22,47,27.5,0.1,24.4
2017-06-23,50,27.0,2.0,21.4
2017-06-24,52,27.0,2.1,24.1
2017-06-25,49,26.6,6.3,21.4
2017-06-26,51,25.1,5.4,22.3
2017-06-27,44,25.5,6.9,26.0
2017-06-28,46,24.7,2.8,29.0
2017-06-29,50,26.0,0.7,29.5
2017-06-30,57,26.8,6.7,29.9
2017-07-01,50,26.3,0.4,25.1
2017-07-02,46,26.4,1.2,27.7
2017-07-03,53,26.9,0.4,24.9
2017-07-04,53,26.9,0.4,26.6
2017-07-05,51,26.8,0.5,24.5
2017-07-06,48,25.5,3.8,21.2
2017-07-07,57,26.2,1.5,19.7
2017-07-08,59,26.4,0.0,21.9
2017-07-09,64,26.4,4.2,18.0
2017-07-10,55,26.1,11.9,18.5
2017-07-11,82,25.7,6.1,16.8
2017-07-12,55,26.3,0.2,25.0
2017-07-13,70,25.4,3.1,26.6
2017-07-14,43,25.2,3.7,28.1
2017-07-15,58,26.0,0.8,29.9
2017-07-16,50,24.0,10.6,25.2
2017-07-17,49,23.3,30.0,25.2
2017-07-18,34,22.8,38.8,28.1
2017-07-19,33,24.4,11.5,33.2
2017-07-20,39,25.2,3.1,29.1
2017-07-21,39,26.8,0.1,32.1
2017-07-22,45,27.0,0.0,30.7
2017-07-23,66,26.5,0.0,30.7
2017-07-24,59,26.1,1.1,28.7
2017-07-25,55,26.6,0.3,28.1
2017-07-26,73,26.3,0.5,27.4
2017-07-27,58,26.1,0.8,25.0
2017-07-28,49,25.9,4.1,21.3
2017-07-29,51,26.3,0.7,19.2
2017-07-30,59,26.7,0.0,19.0
2017-07-31,67,27.1,0.2,19.5
2017-08-01,45,27.4,0.0,17.9
2017-08-02,64,27.4,0.1,18.3
2017-08-03,61,26.8,0.9,22.3
2017-08-04,41,25.7,1.7,20.3
2017-08-05,64,25.8,0.3,22.9
2017-08-06,79,26.2,0.5,19.2
2017-08-07,87,25.4,1.0,16.5
2017-08-08,71,25.5,3.7,16.8
2017-08-09,58,24.3,16.3,14.9
2017-08-10,51,25.4,1.3,15.5
2017-08-11,53,25.3,8.4,15.8
2017-08-12,51,25.4,3.2,17.2
2017-08-13,48,24.7,3.4,17.8
2017-08-14,45,24.4,0.9,12.3
2017-08-15,50,25.2,1.8,14.8
2017-08-16,52,25.4,1.6,16.9
2017-08-17,69,25.4,3.2,17.6
2017-08-18,85,23.9,17.2,18.8
2017-08-19,61,23.1,33.3,28.4
2017-08-20,36,23.6,7.2,31.4
2017-08-21,60,24.3,11.6,21.0
2017-08-22,53,25.3,6.2,17.0
2017-08-23,62,25.8,5.7,16.9
2017-08-24,72,25.3,10.6,19.1
2017-08-25,49,25.2,0.9,19.1
2017-08-26,45,24.9,5.7,20.5
2017-08-27,48,24.1,4.0,17.7
2017-08-28,44,23.6,26.5,19.0
2017-08-29,45,24.4,30.1,24.5
2017-08-30,39,25.8,0.0,21.3
2017-08-31,61,26.0,0.0,18.7
2017-09-01,67,25.8,0.0,15.0
2017-09-02,83,26.0,0.3,11.5
2017-09-03,60,25.8,0.5,13.9
2017-09-04,61,26.1,0.9,12.8
2017-09-05,66,25.7,3.3,11.8
2017-09-06,72,25.6,7.5,10.6
2017-09-07,98,25.8,3.9,11.4
2017-09-08,78,25.9,4.9,9.5
2017-09-09,70,26.6,0.0,10.6
2017-09-10,55,26.5,0.0,15.9
2017-09-11,41,26.4,0.2,18.3
2017-09-12,43,26.4,0.5,15.3
2017-09-13,48,26.3,9.5,11.8
2017-09-14,47,25.7,4.3,11.9
2017-09-15,57,25.1,2.2,14.7
2017-09-16,49,25.6,1.9,11.2
2017-09-17,55,25.1,4.0,19.3
2017-09-18,44,24.6,3.7,25.2
2017-09-19,45,24.9,1.4,27.8
2017-09-20,47,24.6,0.1,23.4
2017-09-21,51,24.2,1.4,24.5
2017-09-22,60,25.1,1.0,15.6
2017-09-23,56,25.3,2.8,10.8
2017-09-24,107,26.2,0.4,10.8
2017-09-25,91,25.4,0.2,12.4
2017-09-26,84,25.6,6.5,11.5
2017-09-27,118,26.1,1.9,12.9
2017-09-28,100,24.7,11.8,8.6
2017-09-29,73,24.7,8.6,8.0
2017-09-30,81,25.3,6.0,11.5
2017-10-01,105,26.1,4.0,9.2
2017-10-02,86,24.7,12.5,12.8
2017-10-03,54,24.3,3.4,8.3
2017-10-04,103,24.7,7.5,7.9
2017-10-05,193,24.7,11.8,10.7
2017-10-06,68,24.6,5.1,11.4
2017-10-07,69,24.9,7.4,10.9
2017-10-08,50,24.7,3.1,10.0
2017-10-09,67,24.9,19.8,11.2
2017-10-10,54,24.7,7.4,10.1
2017-10-11,57,24.3,9.8,6.9
2017-10-12,67,25.0,1.1,8.0
2017-10-13,96,24.9,7.0,6.5
2017-10-15,67,25.4,2.4,9.7
2017-10-16,69,25.8,0.4,13.0
2017-10-17,157,25.5,0.0,12.6
2017-10-18,166,25.1,0.0,15.7
2017-10-19,151,24.5,0.0,13.0
2017-10-20,171,25.2,0.0,12.4
2017-10-21,132,24.8,0.0,13.8
2017-10-22,118,25.1,1.8,10.4
2017-10-23,93,25.3,2.2,10.9
2017-10-24,118,25.6,0.2,11.0
2017-10-25,137,24.9,0.5,14.1
2017-10-26,129,24.2,0.2,11.5
2017-10-27,119,24.4,0.0,8.3
2017-10-28,118,24.1,0.0,9.4
2017-10-29,131,23.1,0.0,11.0
2017-10-30,125,23.3,0.0,13.8
2017-10-31,130,23.0,0.0,15.7
2017-11-01,137,22.9,0.0,13.9
2017-11-02,137,22.4,0.0,13.0
2017-11-03,141,22.5,0.0,15.0
2017-11-04,103,23.1,0.0,13.4
2017-11-05,74,23.9,0.0,15.6
2017-11-06,67,23.4,0.0,12.2
2017-11-07,83,23.5,0.0,9.7
2017-11-08,99,23.1,0.0,11.4
2017-11-09,83,22.8,0.0,10.0
2017-11-10,88,22.2,0.0,10.6
2017-11-11,131,22.1,0.0,12.8
2017-11-12,121,22.2,0.0,10.8
2017-11-13,105,23.6,0.0,11.8
2017-11-14,115,24.1,0.0,10.1
2017-11-15,110,25.2,0.1,17.1
2017-11-16,96,25.5,0.2,13.3
2017-11-17,75,24.5,0.0,9.1
2017-11-18,88,25.1,0.0,8.8
2017-11-19,80,25.0,0.0,12.5
2017-11-20,85,24.9,0.1,10.4
2017-11-21,89,24.8,0.3,13.4
2017-11-22,102,25.3,0.0,10.7
2017-11-23,104,25.4,0.0,11.3
2017-11-24,130,25.3,0.0,11.6
2017-11-25,132,23.4,0.0,12.6
2017-11-26,141,22.3,0.0,10.1
2017-11-27,147,22.2,0.0,10.2
2017-11-28,150,21.8,0.0,9.3
2017-11-29,164,21.1,0.0,11.4
2017-11-30,136,21.9,0.0,10.5
2017-12-01,128,22.3,0.0,13.7
2017-12-02,124,21.4,0.0,15.5
2017-12-03,137,21.0,0.0,14.7
2017-12-04,140,21.5,0.0,13.3
2017-12-05,112,22.3,0.0,16.4
2017-12-06,89,22.7,0.0,14.3
2017-12-07,121,22.8,0.0,9.5
2017-12-08,145,23.3,0.0,14.4
2017-12-09,133,23.3,0.0,14.7
2017-12-10,122,22.2,0.0,11.3
2017-12-11,112,21.5,0.0,10.0
2017-12-12,159,22.3,0.0,9.1
2017-12-13,134,22.8,0.0,10.5
2017-12-14,130,23.4,0.0,14.4
2017-12-15,126,22.4,0.0,12.9
2017-12-16,137,21.8,0.0,13.9
2017-12-17,142,21.5,0.0,14.4
2017-12-18,141,21.6,0.0,16.1
2017-12-19,126,20.7,0.0,13.7
2017-12-20,150,19.9,0.0,10.8
2017-12-21,160,19.8,0.0,10.3
2017-12-22,145,20.6,0.0,10.5
2017-12-23,166,20.6,0.0,9.5
2017-12-24,169,20.5,0.0,10.0
2017-12-25,163,21.4,0.0,10.1
2017-12-26,163,21.0,0.0,12.6
2017-12-27,136,19.7,0.0,10.9
2017-12-28,131,20.0,0.0,10.8
2017-12-29,160,19.3,0.0,11.8
2017-12-30,129,19.8,0.0,10.9
2017-12-31,133,20.7,0.0,8.8
2018-01-01,121,22.0,0.0,9.8
2018-01-02,138,22.2,0.0,8.7
2018-01-03,178,21.4,0.0,11.0
2018-01-04,171,20.8,0.0,13.8
2018-01-05,161,20.2,0.0,9.7
2018-01-06,168,20.3,0.0,10.3
2018-01-07,151,20.1,0.0,9.3
2018-01-08,145,20.0,0.0,12.5
2018-01-09,171,20.3,0.0,11.6
2018-01-10,172,21.8,0.0,13.0
2018-01-11,173,22.7,0.0,9.4
2018-01-12,151,23.4,0.0,9.5
2018-01-13,148,23.7,0.0,13.1
2018-01-14,137,23.6,0.0,10.2
2018-01-15,144,24.0,0.0,9.6
2018-01-16,135,23.1,0.0,10.5
2018-01-17,124,22.5,0.0,11.2
2018-01-18,133,22.1,0.0,13.4
2018-01-19,129,21.3,0.0,9.6
2018-01-20,139,20.8,0.0,10.1
2018-01-21,135,20.9,0.0,10.3
2018-01-22,150,20.6,0.0,10.6
2018-01-23,120,21.5,0.0,11.1
2018-01-24,124,21.6,0.0,14.1
2018-01-25,144,22.1,0.0,10.1
2018-01-26,147,21.5,0.0,10.2
2018-01-27,219,21.5,0.0,10.4
2018-01-28,137,22.1,0.0,10.2
2018-01-29,142,21.8,0.0,10.8
2018-01-30,138,21.3,0.0,13.2
2018-01-31,131,22.0,0.0,12.2
2018-02-01,117,21.9,0.0,13.4
2018-02-02,115,22.4,0.0,11.8
2018-02-03,107,22.6,0.0,11.8
2018-02-04,102,22.0,0.0,12.5
2018-02-05,122,21.5,0.0,15.0
2018-02-06,116,21.5,0.0,16.7
2018-02-07,138,23.0,0.3,14.5
2018-02-08,104,24.0,0.0,7.8
2018-02-09,106,24.4,0.0,12.5
2018-02-10,115,23.8,0.1,11.5
2018-02-11,102,24.4,0.1,18.4
2018-02-12,100,23.8,0.1,15.6
2018-02-13,99,23.6,0.0,13.9
2018-02-14,97,23.4,0.0,15.3
2018-02-15,115,23.5,0.0,13.7
2018-02-16,105,23.8,0.0,10.5
2018-02-17,108,24.0,0.0,10.7
2018-02-18,118,24.5,0.0,11.4
2018-02-19,104,24.7,0.0,13.3
2018-02-20,93,24.9,0.0,12.0
2018-02-21,108,25.0,0.0,13.0
2018-02-22,115,25.1,0.0,12.2
2018-02-23,134,25.2,0.0,11.5
2018-02-24,102,24.4,0.0,17.1
2018-02-25,102,23.9,0.0,16.4
2018-02-26,122,24.9,0.0,12.6
2018-02-27,124,26.0,0.0,15.8
2018-02-28,127,26.0,0.0,10.9
2018-03-01,122,25.8,0.0,11.4
2018-03-02,116,25.9,0.0,11.5
2018-03-03,109,26.8,0.0,11.3
2018-03-04,118,27.7,0.0,11.9
2018-03-05,105,27.2,0.0,12.6
2018-03-06,101,27.1,0.0,11.5
2018-03-07,101,27.2,0.0,16.6
2018-03-08,107,27.1,0.0,14.4
2018-03-09,117,27.1,0.0,11.4
2018-03-10,118,27.2,0.0,15.6
2018-03-11,117,27.5,0.0,10.5
2018-03-12,92,27.5,0.0,14.3
2018-03-13,80,27.5,0.0,13.7
2018-03-14,100,28.2,0.0,14.4
2018-03-15,92,28.6,0.0,16.9
2018-03-16,122,24.4,2.9,21.3
2018-03-17,102,23.7,0.1,11.0
2018-03-18,74,25.3,0.0,12.8
2018-03-19,87,26.2,0.0,10.4
2018-03-20,101,27.3,0.0,13.4
2018-03-21,107,27.8,0.4,16.8
2018-03-22,132,28.4,0.0,15.7
2018-03-23,127,28.4,0.0,13.2
2018-03-24,132,28.9,0.0,10.5
2018-03-25,139,28.5,0.0,14.6
2018-03-26,119,28.6,0.0,9.4
2018-03-27,118,29.3,0.0,10.6
2018-03-28,118,29.7,0.0,13.4
2018-03-29,124,29.8,0.0,10.9
2018-03-30,115,29.7,0.0,11.0
2018-03-31,108,29.4,0.3,18.4
2018-04-01,94,28.6,2.4,17.7
2018-04-02,72,27.7,0.1,18.7
2018-04-03,97,28.0,0.1,12.8
2018-04-04,93,27.7,0.9,11.3
2018-04-05,86,27.9,1.1,18.2
2018-04-06,97,27.9,3.2,16.0
2018-04-07,77,26.8,2.7,10.9
2018-04-08,73,25.4,1.7,15.5
2018-04-09,101,26.6,0.6,9.9
2018-04-10,84,27.1,0.3,11.7
2018-04-11,70,27.1,0.0,9.0
2018-04-12,72,27.7,2.2,7.7
2018-04-13,66,28.4,0.3,9.5
2018-04-14,68,28.7,0.1,10.1
2018-04-15,60,27.9,5.3,15.9
2018-04-16,100,29.2,0.0,9.7
2018-04-17,87,30.3,0.4,14.3
2018-04-18,84,30.3,0.3,9.4
2018-04-19,107,31.4,0.2,13.2
2018-04-20,113,31.5,0.0,17.4
2018-04-21,121,30.9,0.0,13.4
2018-04-22,114,30.6,0.0,15.1
2018-04-23,82,31.1,0.0,10.0
2018-04-24,82,31.4,0.0,16.1
2018-04-25,88,30.4,0.0,13.0
2018-04-26,90,30.4,0.4,14.8
2018-04-27,92,30.7,0.0,13.3
2018-04-28,90,30.2,0.1,15.3
2018-04-29,103,31.1,0.0,15.9
2018-04-30,101,32.6,0.0,16.3
2018-05-01,117,32.3,0.0,19.7
2018-05-02,81,31.1,0.0,17.1
2018-05-03,100,29.5,3.5,23.6
2018-05-04,68,29.3,0.0,14.1
2018-05-05,68,30.6,0.0,12.4
2018-05-06,80,31.3,0.0,15.7
2018-05-07,86,31.5,0.0,11.5
2018-05-08,96,31.6,0.6,16.1
2018-05-09,105,30.6,0.2,15.3
2018-05-10,73,31.1,0.3,16.4
2018-05-11,78,31.1,0.1,14.0
2018-05-12,86,30.8,0.2,15.8
2018-05-13,104,30.5,0.1,10.7
2018-05-14,82,30.3,0.7,11.4
2018-05-15,74,29.4,0.3,15.3
2018-05-16,78,30.4,0.3,11.7
2018-05-17,109,30.8,0.4,13.2
2018-05-18,78,29.7,1.0,18.1
2018-05-19,106,31.6,0.0,14.0
2018-05-20,95,31.6,0.0,15.6
2018-05-21,134,31.6,0.0,13.7
2018-05-22,105,31.0,2.1,12.1
2018-05-23,104,30.7,1.6,14.9
2018-05-24,92,30.2,3.4,14.3
2018-05-25,118,31.9,0.0,13.0
2018-05-26,70,31.6,0.3,15.2
2018-05-27,77,31.2,0.0,12.0
2018-05-28,75,32.4,0.2,10.6
2018-05-29,77,32.9,0.5,16.9
2018-05-30,82,32.7,0.2,17.3
2018-05-31,87,31.7,9.2,17.1
2018-06-01,108,29.8,4.1,11.8
2018-06-02,72,29.4,4.0,13.3
2018-06-03,85,30.4,2.3,14.0
2018-06-04,78,30.1,1.9,14.8
2018-06-05,74,29.5,1.2,15.5
2018-06-06,76,28.3,5.0,17.5
2018-06-07,60,26.8,11.6,18.2
2018-06-08,62,25.6,6.3,18.0
2018-06-09,55,26.3,2.2,19.8
2018-06-10,47,26.1,2.6,28.1
2018-06-11,52,25.9,8.8,25.6
2018-06-12,73,27.1,1.7,25.3
2018-06-13,80,28.0,0.0,27.9
2018-06-14,88,27.7,0.0,22.3
2018-06-15,85,28.5,0.0,20.3
2018-06-16,63,28.1,0.0,21.3
2018-06-17,66,27.5,0.4,24.5
2018-06-18,53,27.1,2.1,24.8
2018-06-19,44,27.8,0.0,22.4
2018-06-20,63,28.9,0.0,16.1
2018-06-21,48,28.9,1.3,15.0
2018-06-22,52,26.3,8.0,17.5
2018-06-23,50,25.9,9.0,16.7
2018-06-24,42,26.9,1.0,21.6
2018-06-25,47,27.1,0.4,28.3
2018-06-26,41,26.9,0.2,27.2
2018-06-27,53,25.8,2.1,23.4
2018-06-28,53,25.8,6.9,20.9
2018-06-29,56,27.1,0.1,15.8
2018-06-30,59,27.6,0.1,14.8
2018-07-01,52,27.7,0.0,14.5
2018-07-02,52,28.1,0.0,16.6
2018-07-03,48,26.9,2.7,23.1
2018-07-04,58,27.4,0.4,28.1
2018-07-05,58,26.8,0.1,28.8
2018-07-06,44,25.0,7.2,26.6
2018-07-07,62,24.4,13.9,25.8
2018-07-08,50,24.6,3.4,28.5
2018-07-09,48,24.3,19.2,30.1
2018-07-10,50,24.7,3.6,25.6
2018-07-11,46,24.1,15.5,25.0
2018-07-12,41,22.9,32.8,28.2
2018-07-13,35,24.4,2.7,26.4
2018-07-14,40,23.5,12.4,24.2
2018-07-15,57,23.6,15.8,28.7
2018-07-16,36,23.5,14.2,30.5
2018-07-17,36,25.2,5.2,35.4
2018-07-18,41,26.4,0.4,30.6
2018-07-19,51,26.1,2.6,30.3
2018-07-20,42,23.7,15.7,24.9
2018-07-21,50,24.0,9.4,23.8
2018-07-22,69,25.3,0.1,29.5
2018-07-23,66,25.5,0.8,24.2
2018-07-24,57,26.2,1.3,23.6
2018-07-25,56,26.4,1.0,25.9
2018-07-26,52,26.0,0.5,27.7
2018-07-27,53,25.4,3.3,24.5
2018-07-28,56,26.1,1.2,23.5
2018-07-29,76,26.5,0.1,25.2
2018-07-30,88,26.8,0.0,23.4
2018-07-31,76,26.7,0.5,24.8
2018-08-01,77,26.1,1.6,25.3
2018-08-02,75,26.2,1.1,27.9
2018-08-03,95,26.6,0.5,25.3
2018-08-04,90,26.5,1.2,26.4
2018-08-05,64,26.5,0.8,26.8
2018-08-06,81,26.2,0.6,27.6
2018-08-07,55,25.8,1.6,28.1
2018-08-08,60,23.7,7.6,24.1
2018-08-09,50,25.8,2.1,23.9
2018-08-10,50,25.7,4.0,28.1
2018-08-11,46,23.4,31.3,25.9
2018-08-12,39,23.0,31.3,29.3
2018-08-13,29,23.8,7.7,31.0
2018-08-14,45,24.3,4.0,27.8
2018-08-15,71,23.5,36.7,20.5
2018-08-16,36,23.0,38.7,34.1
2018-08-17,45,24.4,0.4,28.4
2018-08-18,37,25.0,0.4,29.5
2018-08-19,47,23.9,23.6,27.3
2018-08-20,51,22.7,54.4,27.0
2018-08-21,26,24.1,4.5,31.4
2018-08-22,30,25.0,1.6,27.0
2018-08-23,45,24.8,0.1,27.1
2018-08-24,51,25.4,0.4,26.2
2018-08-25,56,25.2,0.1,24.2
2018-08-26,60,24.4,8.2,24.9
2018-08-27,60,23.5,5.8,22.9
2018-08-28,61,24.6,1.2,23.8
2018-08-29,64,25.2,0.5,18.9
2018-08-30,82,25.4,0.3,20.6
2018-08-31,84,25.0,3.4,19.7
2018-09-01,69,25.3,0.2,19.4
2018-09-02,49,25.4,0.2,20.1
2018-09-03,48,25.3,0.0,21.0
2018-09-04,52,25.4,0.9,19.9
2018-09-05,71,25.4,0.6,23.8
2018-09-06,73,25.0,0.0,25.4
2018-09-07,83,25.1,0.0,25.7
2018-09-08,46,25.0,0.0,18.5
2018-09-09,83,24.8,0.2,12.0
2018-09-10,87,25.7,0.2,8.0
2018-09-11,77,25.6,1.9,9.7
2018-09-12,70,25.2,5.4,11.3
2018-09-13,86,25.8,0.6,8.3
2018-09-14,83,26.1,0.6,6.9
2018-09-15,89,26.0,5.1,6.8
2018-09-16,98,26.4,0.6,12.4
2018-09-17,82,25.3,2.5,13.1
2018-09-18,66,25.6,0.8,16.1
2018-09-19,82,25.0,2.5,17.3
2018-09-20,81,25.5,0.5,16.0
2018-09-21,89,23.5,25.6,22.4
2018-09-22,56,25.2,0.9,20.9
2018-09-23,68,25.5,0.1,8.7
2018-09-24,61,25.6,1.8,9.0
2018-09-25,82,25.8,8.2,8.6
2018-09-26,109,24.8,7.1,9.9
2018-09-27,82,25.5,1.8,9.0
2018-09-28,94,25.5,4.4,10.1
2018-09-29,101,25.4,1.5,13.1
2018-09-30,122,26.0,2.1,12.3
2018-10-01,128,26.0,2.7,13.0
2018-10-02,85,26.2,0.1,9.7
2018-10-03,75,26.4,0.0,11.0
2018-10-04,82,26.1,0.1,15.2
2018-10-05,84,25.6,0.0,16.6
2018-10-06,116,25.1,0.2,14.8
2018-10-07,118,25.5,0.9,14.6
2018-10-08,126,25.8,0.0,13.2
2018-10-09,126,25.7,0.0,15.7
2018-10-10,131,26.0,0.0,22.5
2018-10-11,117,26.3,0.0,20.6
2018-10-12,117,25.9,0.0,15.7
2018-10-13,121,25.9,0.0,9.5
2018-10-14,107,26.5,0.1,10.1
2018-10-15,92,25.6,5.2,12.0
2018-10-16,96,25.5,5.4,12.7
2018-10-17,70,24.2,4.0,17.6
2018-10-18,69,24.5,1.4,10.6
2018-10-19,71,24.7,0.0,12.8
2018-10-20,106,25.5,0.0,13.7
2018-10-21,115,26.0,0.0,12.0
2018-10-22,124,26.4,0.0,8.5
2018-10-23,122,26.6,0.1,8.0
2018-10-24,126,24.9,2.1,12.5
2018-10-25,125,25.4,0.0,11.2
2018-10-26,106,24.9,0.0,17.0
2018-10-27,120,24.6,0.0,15.8
2018-10-28,113,24.0,0.0,21.1
2018-10-29,107,23.5,0.0,19.7
2018-10-30,115,24.1,0.0,14.8
2018-10-31,120,24.4,0.0,14.5
2018-11-01,106,23.9,1.7,11.9
2018-11-02,76,24.9,0.1,15.5
2018-11-03,55,25.4,0.9,14.2
2018-11-04,54,25.5,0.2,15.3
2018-11-05,63,25.3,0.1,9.2
2018-11-06,83,25.5,0.8,10.8
2018-11-07,97,25.9,0.5,10.1
2018-11-08,112,25.2,0.4,9.2
2018-11-09,120,25.1,0.0,8.3
2018-11-10,135,24.9,0.0,10.8
2018-11-11,128,23.8,0.0,11.9
2018-11-12,130,22.9,0.0,15.0
2018-11-13,133,22.5,0.0,11.9
2018-11-14,142,23.2,0.0,10.3
2018-11-15,129,24.1,0.0,13.0
2018-11-16,118,24.6,0.0,14.1
2018-11-17,64,25.7,0.6,12.6
2018-11-18,57,25.7,0.5,13.4
2018-11-19,54,25.3,0.1,13.6
2018-11-20,94,25.4,0.0,12.2
2018-11-21,136,24.7,0.0,15.6
2018-11-22,130,23.5,0.0,16.4
2018-11-23,138,23.8,0.0,10.6
2018-11-24,149,23.9,0.0,13.4
2018-11-25,138,23.4,0.0,11.2
2018-11-26,136,22.2,0.0,10.7
2018-11-27,139,21.8,0.0,11.5
2018-11-28,143,21.7,0.0,13.9
2018-11-29,148,22.1,0.0,9.2
2018-11-30,136,22.0,0.0,9.0
2018-12-01,137,22.1,0.0,10.1
2018-12-02,142,21.7,0.0,10.1
2018-12-03,144,22.4,0.0,11.2
2018-12-04,158,22.7,0.0,14.2
2018-12-05,140,24.1,0.2,11.9
2018-12-06,122,23.5,1.1,10.7
2018-12-07,108,24.3,0.1,10.4
2018-12-08,147,24.2,0.5,10.9
2018-12-09,160,24.1,0.2,12.4
2018-12-10,162,23.8,0.4,13.0
2018-12-11,156,23.4,1.1,10.1
2018-12-12,155,24.2,0.0,12.9
2018-12-13,144,23.0,0.7,12.0
2018-12-14,148,21.4,0.0,13.0
2018-12-15,155,22.1,0.2,17.2
2018-12-16,153,21.3,0.0,16.0
2018-12-17,141,18.8,0.5,18.6
2018-12-18,49,18.4,1.9,18.9
2018-12-19,54,18.7,0.0,15.0
2018-12-20,78,20.2,0.0,10.8
2018-12-21,108,21.1,0.0,10.0
2018-12-22,136,21.6,0.0,10.1
2018-12-23,159,21.9,0.0,11.1
2018-12-24,158,21.8,0.0,9.5
2018-12-25,150,22.4,0.0,12.8
2018-12-26,136,23.6,0.0,17.6
2018-12-27,131,22.7,0.1,12.7
2018-12-28,129,19.3,0.0,11.8
2018-12-29,133,18.5,0.0,13.0
2018-12-30,143,18.0,0.0,11.5
2018-12-31,131,17.8,0.0,10.2
2019-01-01,132,18.6,0.0,10.8
2019-01-02,141,20.0,0.0,9.9
2019-01-03,144,20.7,0.0,10.1
2019-01-04,147,21.2,0.0,12.3
2019-01-05,145,20.7,0.0,10.2
2019-01-06,155,20.7,0.0,10.8
2019-01-07,153,21.1,0.0,9.8
2019-01-08,151,20.4,0.0,10.1
2019-01-09,148,19.7,0.0,9.7
2019-01-10,146,20.1,0.0,10.6
2019-01-11,152,20.5,0.0,11.5
2019-01-12,158,21.4,0.0,12.7
2019-01-13,147,21.5,0.0,11.7
2019-01-14,147,21.2,0.0,13.0
2019-01-15,148,21.7,0.0,11.3
2019-01-16,154,21.2,0.0,9.6
2019-01-17,146,21.7,0.0,9.5
2019-01-18,146,22.0,0.0,9.2
2019-01-19,154,21.1,0.0,10.4
2019-01-20,152,21.8,0.0,10.2
2019-01-21,130,22.1,0.0,13.2
2019-01-22,94,21.5,0.0,12.6
2019-01-23,112,22.1,0.0,11.3
2019-01-24,111,23.8,0.0,13.8
2019-01-25,84,23.4,0.0,18.1
2019-01-26,67,21.0,10.0,13.0
2019-01-27,83,19.2,21.3,15.3
2019-01-28,142,19.6,1.5,12.2
2019-01-29,134,18.3,0.0,10.8
2019-01-30,105,17.3,0.0,10.1
2019-01-31,118,18.2,0.0,16.4
2019-02-01,130,20.3,0.0,13.3
2019-02-02,119,20.9,0.0,10.5
2019-02-03,122,20.8,0.0,14.5
2019-02-04,116,21.4,0.0,16.0
2019-02-05,117,22.0,0.0,10.7
2019-02-06,134,23.4,0.0,12.7
2019-02-07,118,24.3,0.0,16.1
2019-02-08,117,23.2,0.0,11.0
2019-02-09,132,21.6,0.0,12.2
2019-02-10,130,21.8,0.0,12.7
2019-02-11,114,23.6,0.0,16.4
2019-02-12,128,23.6,0.0,13.7
2019-02-13,132,22.9,0.0,10.9
2019-02-14,130,24.4,0.0,12.5
2019-02-15,96,25.2,0.0,14.0
2019-02-16,92,25.2,0.0,11.9
2019-02-17,105,24.7,0.1,15.6
2019-02-18,116,24.5,0.0,10.3
2019-02-19,122,25.9,0.0,12.3
2019-02-20,82,26.2,0.0,15.9
2019-02-21,82,26.2,0.0,13.2
2019-02-22,94,27.0,0.0,9.7
2019-02-23,125,27.9,0.0,10.2
2019-02-24,105,27.8,0.0,10.4
2019-02-25,101,27.2,0.0,18.1
2019-02-26,120,25.8,0.0,11.3
2019-02-27,109,25.4,0.0,18.7
2019-02-28,111,25.0,0.3,13.7
2019-03-01,119,25.9,0.1,15.7
2019-03-02,74,26.1,0.0,19.9
2019-03-03,68,26.6,0.1,13.9
2019-03-04,77,27.9,0.0,17.1
2019-03-05,126,27.3,0.0,17.4
2019-03-06,135,26.0,0.0,11.5
2019-03-07,139,25.8,0.0,10.5
2019-03-08,144,26.3,0.0,10.2
2019-03-09,114,27.1,0.0,10.4
2019-03-10,101,27.8,0.0,13.4
2019-03-11,87,28.1,0.0,17.1
2019-03-12,96,28.6,0.0,13.9
2019-03-13,103,28.6,0.0,17.9
2019-03-14,99,28.3,0.0,14.0
2019-03-15,106,28.8,0.0,13.5
2019-03-16,96,28.7,0.0,18.1
2019-03-17,95,28.4,0.0,14.1
2019-03-18,94,27.6,0.0,19.9
2019-03-19,70,27.9,0.0,14.8
2019-03-20,90,28.1,0.2,17.3
2019-03-21,93,28.2,0.0,19.1
2019-03-22,76,28.2,0.0,15.5
2019-03-23,94,29.1,0.0,10.5
2019-03-24,113,29.8,0.0,10.6
2019-03-25,105,29.3,0.0,13.5
2019-03-26,113,29.5,0.0,12.9
2019-03-27,104,29.4,0.0,15.2
2019-03-28,120,29.9,0.0,9.7
2019-03-29,128,29.9,0.0,11.2
2019-03-30,130,29.9,0.0,10.4
2019-03-31,123,30.6,0.0,19.2
2019-04-01,99,30.7,0.0,12.6
2019-04-02,113,30.5,0.0,17.3
2019-04-03,104,28.9,0.1,11.4
2019-04-04,98,29.2,0.0,16.5
2019-04-05,85,29.5,0.0,21.4
2019-04-06,85,30.0,0.0,14.7
2019-04-07,73,30.4,0.0,16.5
2019-04-08,77,29.1,0.1,23.9
2019-04-09,88,29.3,0.3,15.3
2019-04-10,98,28.8,1.3,28.5
2019-04-11,77,29.7,0.0,15.5
2019-04-12,83,30.3,0.0,17.1
2019-04-13,93,30.6,0.0,19.2
2019-04-14,95,30.9,0.0,13.7
2019-04-15,89,31.1,0.0,12.8
2019-04-16,102,30.3,0.0,11.8
2019-04-17,82,30.1,0.0,9.8
2019-04-18,106,30.4,0.0,17.4
2019-04-19,79,29.8,1.7,16.6
2019-04-20,62,30.2,0.0,18.8
2019-04-21,62,30.3,0.0,16.0
2019-04-22,63,29.5,0.0,20.2
2019-04-23,98,29.4,0.1,20.2
2019-04-24,80,30.6,0.0,13.7
2019-04-25,103,31.5,0.0,11.6
2019-04-26,101,32.1,0.0,13.8
2019-04-27,119,32.3,0.0,15.5
2019-04-28,108,32.7,0.0,17.4
2019-04-29,98,32.8,0.0,14.2
2019-04-30,90,32.6,0.0,20.9
2019-05-01,94,32.9,0.0,13.6
2019-05-02,115,32.5,0.0,23.3
2019-05-03,118,32.0,0.0,20.3
2019-05-04,108,31.1,0.0,19.3
2019-05-05,102,31.1,0.0,18.7
2019-05-06,114,32.1,0.0,16.3
2019-05-07,130,32.4,0.0,10.7
2019-05-08,133,32.9,0.0,20.9
2019-05-09,127,32.4,0.0,19.9
2019-05-10,125,33.0,0.0,19.8
2019-05-11,120,32.8,0.0,13.7
2019-05-12,91,32.4,0.0,15.6
2019-05-13,102,31.9,0.2,14.9
2019-05-14,90,32.5,0.2,14.8
2019-05-15,107,32.2,0.0,10.8
2019-05-16,86,32.0,0.2,14.7
2019-05-17,112,32.1,0.0,9.7
2019-05-18,112,32.7,0.0,15.2
2019-05-19,134,33.3,0.1,11.5
2019-05-20,109,32.7,0.0,11.3
2019-05-21,109,32.7,0.0,14.3
2019-05-22,103,33.1,0.0,15.3
2019-05-23,102,33.1,0.2,14.7
2019-05-24,82,33.1,0.0,9.2
2019-05-25,114,33.8,0.0,18.5
2019-05-26,126,34.1,0.0,17.3
2019-05-27,109,34.3,0.0,17.8
2019-05-28,110,34.5,0.0,9.9
2019-05-29,124,34.7,0.0,15.4
2019-05-30,118,33.2,0.0,14.0
2019-05-31,100,33.5,0.0,12.0
2019-06-01,86,31.9,2.0,15.7
2019-06-02,112,33.6,0.0,17.3
2019-06-03,79,32.0,0.3,17.0
2019-06-04,64,31.7,0.0,14.4
2019-06-05,76,33.4,0.0,11.7
2019-06-06,102,32.4,0.1,22.6
2019-06-07,75,31.9,0.9,11.5
2019-06-08,63,30.7,0.0,21.6
2019-06-09,76,31.7,0.1,14.0
2019-06-10,67,31.5,0.9,17.4
2019-06-11,48,31.7,0.0,20.1
2019-06-12,47,30.6,1.0,21.4
2019-06-13,36,29.5,0.2,24.9
2019-06-14,36,29.8,0.0,26.5
2019-06-15,58,31.3,0.1,22.6
2019-06-16,50,31.5,0.0,21.1
2019-06-17,60,31.3,0.0,23.0
2019-06-18,58,31.6,0.0,19.5
2019-06-19,57,31.7,0.0,21.0
2019-06-20,51,29.8,3.7,22.6
2019-06-21,67,27.5,2.6,15.9
2019-06-22,50,25.0,13.6,18.5
2019-06-23,52,26.7,5.3,13.3
2019-06-24,55,26.8,3.0,15.3
2019-06-25,51,27.0,11.8,12.0
2019-06-26,54,28.2,3.3,17.4
2019-06-27,33,28.4,0.6,22.8
2019-06-28,29,27.5,1.1,28.8
2019-06-29,30,24.8,15.9,30.0
2019-06-30,36,24.5,6.6,27.4
2019-07-01,42,24.0,33.7,20.3
2019-07-02,31,24.2,11.1,22.3
2019-07-03,41,24.7,7.4,23.3
2019-07-04,43,26.5,2.0,27.0
2019-07-05,36,26.4,2.8,27.8
2019-07-06,32,26.2,0.8,29.8
2019-07-07,42,26.6,0.6,31.3
2019-07-08,34,27.2,0.4,28.3
2019-07-09,39,26.9,0.1,29.5
2019-07-10,29,27.2,4.1,28.2
2019-07-11,38,26.2,5.5,24.6
2019-07-12,37,26.9,1.2,20.5
2019-07-13,42,27.4,0.2,22.4
2019-07-14,34,27.3,2.3,19.5
2019-07-15,41,27.2,1.5,19.4
2019-07-16,61,28.1,0.1,18.8
2019-07-17,63,28.5,0.3,18.4
2019-07-18,70,28.2,2.0,16.3
2019-07-19,81,25.5,7.1,13.0
2019-07-20,53,25.2,6.9,14.1
2019-07-21,39,27.0,0.3,13.6
2019-07-22,34,26.7,1.9,13.8
2019-07-23,38,26.7,2.2,13.3
2019-07-24,36,27.0,2.7,19.1
2019-07-25,38,26.9,2.0,25.2
2019-07-26,41,24.2,11.9,22.8
2019-07-27,29,23.7,10.0,30.3
2019-07-28,39,23.5,16.3,26.0
2019-07-29,27,23.0,34.7,23.9
2019-07-30,22,23.3,14.5,27.2
2019-07-31,25,24.9,6.0,28.6
2019-08-01,30,24.6,5.8,27.3
2019-08-02,25,22.7,42.8,27.1
2019-08-03,20,22.7,32.4,28.9
2019-08-04,27,23.8,6.4,30.1
2019-08-05,27,24.3,5.1,32.2
2019-08-06,38,23.9,6.9,29.0
2019-08-07,26,23.8,14.2,33.8
2019-08-08,40,24.8,4.1,33.3
2019-08-09,35,26.0,1.2,30.9
2019-08-10,32,26.1,0.4,26.9
2019-08-11,44,25.9,0.3,27.0
2019-08-12,58,25.9,1.0,22.7
2019-08-13,70,25.6,1.9,20.5
2019-08-14,63,25.8,1.5,19.5
2019-08-15,54,26.2,4.3,19.2
2019-08-16,48,26.7,0.0,18.5
2019-08-17,68,26.5,0.4,18.2
2019-08-18,87,25.4,3.8,16.6
2019-08-19,74,25.7,2.3,13.0
2019-08-20,73,26.1,3.0,17.3
2019-08-21,70,24.8,10.8,17.6
2019-08-22,59,25.1,13.1,21.3
2019-08-23,52,24.1,5.5,22.2
2019-08-24,47,25.4,0.7,21.4
2019-08-25,38,25.2,0.5,22.1
2019-08-26,46,25.5,0.0,23.6
2019-08-27,57,25.6,0.0,23.7
2019-08-28,58,26.2,0.0,18.3
2019-08-29,55,26.6,0.3,18.0
2019-08-30,45,25.9,3.9,20.9
2019-08-31,30,24.4,5.3,22.1
2019-09-01,27,23.8,13.9,19.1
2019-09-02,26,23.5,11.9,19.8
2019-09-03,30,24.0,5.8,22.1
2019-09-04,25,23.5,15.0,24.9
2019-09-05,26,24.9,4.6,26.7
2019-09-06,28,24.6,2.3,26.4
2019-09-07,27,23.9,10.8,25.6
2019-09-08,25,25.2,4.6,26.8
2019-09-09,34,25.8,1.3,29.3
2019-09-10,32,25.9,0.2,23.6
2019-09-11,50,25.8,0.0,24.6
2019-09-12,53,25.2,0.7,22.5
2019-09-13,40,25.2,1.9,21.3
2019-09-14,42,25.8,1.6,18.0
2019-09-15,46,25.6,0.3,18.5
2019-09-16,61,25.6,0.8,16.9
2019-09-17,59,25.3,7.3,16.4
2019-09-18,55,24.6,11.0,8.2
2019-09-19,51,24.5,9.3,12.2
2019-09-20,38,24.3,6.4,11.5
2019-09-21,54,25.1,7.4,7.6
2019-09-22,53,24.8,20.2,11.1
2019-09-23,56,25.4,4.5,6.3
2019-09-24,52,24.6,9.4,9.2
2019-09-25,42,24.3,11.3,15.1
2019-09-26,40,24.6,1.5,17.8
2019-09-27,33,24.8,6.4,10.0
2019-09-28,48,25.0,1.9,11.3
2019-09-29,58,25.0,5.2,11.8
2019-09-30,70,24.7,11.3,10.2
2019-10-01,76,25.2,7.5,11.9
2019-10-02,68,25.8,2.2,10.5
2019-10-03,80,25.3,2.6,8.0
2019-10-04,78,24.5,4.2,11.9
2019-10-05,72,24.8,9.5,9.8
2019-10-06,81,24.3,4.9,13.0
2019-10-07,92,24.8,4.2,7.6
2019-10-08,99,24.4,3.4,9.7
2019-10-09,95,24.5,4.7,7.6
2019-10-10,78,24.5,3.7,7.1
2019-10-11,62,23.8,13.6,12.0
2019-10-12,63,24.3,4.0,10.2
2019-10-13,68,24.5,3.6,8.3
2019-10-14,94,24.6,2.0,9.8
2019-10-15,100,24.6,4.2,11.2
2019-10-16,97,24.0,7.8,14.8
2019-10-17,116,23.5,8.4,12.0
2019-10-18,48,23.8,5.4,15.3
2019-10-19,53,23.7,2.0,13.3
2019-10-20,57,23.6,4.0,12.7
2019-10-21,44,23.1,3.2,10.5
2019-10-22,76,23.4,6.7,8.4
2019-10-23,75,23.6,7.1,10.1
2019-10-24,76,23.7,6.2,12.4
2019-10-25,49,23.9,7.3,9.0
2019-10-26,44,24.2,10.2,13.5
2019-10-27,54,24.2,11.4,16.1
2019-10-28,106,24.3,0.5,14.9
2019-10-29,92,23.8,3.4,13.9
2019-10-30,93,23.8,1.9,16.6
2019-10-31,57,23.8,1.6,18.7
2019-11-01,52,24.4,1.6,13.3
2019-11-02,60,24.5,1.9,12.1
2019-11-03,84,24.4,0.9,8.6
2019-11-04,99,24.9,0.2,8.2
2019-11-05,169,24.8,0.0,7.9
2019-11-06,172,24.3,1.4,7.6
2019-11-07,153,25.1,0.0,7.9
2019-11-08,129,24.9,0.3,7.6
2019-11-09,158,24.5,0.0,10.1
2019-11-10,162,23.9,0.0,11.3
2019-11-11,121,23.7,0.1,11.5
2019-11-12,101,23.7,0.0,10.5
2019-11-13,124,22.8,0.0,11.9
2019-11-14,129,23.2,1.0,12.4
2019-11-15,125,23.8,1.0,12.0
2019-11-16,141,24.2,0.0,9.7
2019-11-17,134,24.6,0.0,14.3
2019-11-18,151,24.4,0.0,12.4
2019-11-19,171,23.6,1.3,8.0
2019-11-20,182,23.7,0.1,12.0
2019-11-21,153,23.4,0.1,14.8
2019-11-22,158,22.8,0.0,10.4
2019-11-23,167,22.5,0.0,12.2
2019-11-24,156,22.3,0.0,11.3
2019-11-25,161,22.3,0.0,15.5
2019-11-26,182,22.1,0.0,16.0
2019-11-27,150,22.2,0.0,15.2
2019-11-28,152,23.1,0.2,15.0
2019-11-29,120,23.4,0.0,11.3
2019-11-30,128,23.3,0.0,14.5
2019-12-01,128,22.6,0.0,15.9
2019-12-02,90,21.6,6.3,14.5
2019-12-03,68,22.3,0.5,15.1
2019-12-04,157,22.5,0.0,20.0
2019-12-05,175,21.9,0.3,11.3
2019-12-06,180,21.3,0.3,15.0
2019-12-07,181,21.5,0.0,11.9
2019-12-08,148,21.9,0.3,12.9
2019-12-09,114,21.9,0.3,12.0
2019-12-10,118,21.8,0.0,9.8
2019-12-11,127,21.6,0.0,10.8
2019-12-12,126,21.2,0.0,12.3
2019-12-13,73,22.3,0.0,12.9
2019-12-14,77,22.6,0.0,12.4
2019-12-15,88,22.1,0.0,13.1
2019-12-16,99,21.6,0.0,13.6
2019-12-17,131,21.2,0.0,13.0
2019-12-18,154,21.4,0.1,10.8
2019-12-19,150,21.0,0.0,11.0
2019-12-20,151,21.7,0.0,8.2
2019-12-21,171,21.4,0.0,12.0
2019-12-22,168,21.6,0.0,16.5
2019-12-23,154,20.6,0.0,15.6
2019-12-24,125,21.4,0.0,16.2
2019-12-25,148,22.3,0.0,15.1
2019-12-26,129,23.1,0.1,9.7
2019-12-27,118,22.1,1.3,12.8
2019-12-28,135,21.3,0.0,13.1
2019-12-29,166,20.4,0.0,14.5
2019-12-30,138,20.9,0.1,18.1
2019-12-31,97,21.1,1.5,17.8
2020-01-01,81,22.0,0.2,20.1
2020-01-02,59,22.5,0.5,18.1
2020-01-03,61,22.7,0.7,13.2
2020-01-04,98,21.9,0.4,8.9
2020-01-05,115,20.8,0.0,12.8
2020-01-06,116,21.3,0.0,14.1
2020-01-07,93,22.6,0.0,15.5
2020-01-08,79,23.2,0.0,16.8
2020-01-09,82,22.5,0.3,11.3
2020-01-10,142,21.8,0.3,14.2
2020-01-11,152,21.2,0.0,11.3
2020-01-12,142,20.4,0.0,8.4
2020-01-13,135,21.5,0.0,8.4
2020-01-14,134,21.7,0.0,11.5
2020-01-15,111,21.7,0.0,16.2
2020-01-16,69,21.6,0.0,15.5
2020-01-17,68,22.0,0.0,14.9
2020-01-18,69,23.0,0.0,15.4
2020-01-19,75,23.3,0.0,11.0
2020-01-20,78,23.1,0.1,11.7
2020-01-21,85,22.9,0.0,17.9
2020-01-22,79,22.3,0.0,15.1
2020-01-23,115,21.7,0.0,11.1
2020-01-24,128,22.8,0.0,11.5
2020-01-25,135,22.7,0.0,9.5
2020-01-26,129,23.7,0.0,8.4
2020-01-27,120,23.7,0.0,9.8
2020-01-28,104,24.2,0.0,15.6
2020-01-29,128,24.2,0.0,11.8
2020-01-30,131,23.4,0.0,11.4
2020-01-31,131,22.8,0.0,13.3
2020-02-01,91,23.7,0.0,13.7
2020-02-02,74,23.4,0.2,16.8
2020-02-03,77,23.5,0.0,12.5
2020-02-04,68,23.7,0.0,15.8
2020-02-05,70,23.6,0.0,10.6
2020-02-06,80,24.8,0.0,16.5
2020-02-07,80,23.9,0.2,15.8
2020-02-08,79,22.6,3.2,13.6
2020-02-09,82,19.7,17.0,15.5
2020-02-10,66,21.3,1.1,17.6
2020-02-11,75,22.1,0.6,17.4
2020-02-12,96,22.1,0.2,13.9
2020-02-13,128,22.7,0.0,13.5
2020-02-14,145,22.8,0.0,11.4
2020-02-15,142,23.4,0.0,9.4
2020-02-16,135,23.6,0.0,11.4
2020-02-17,124,23.3,0.0,10.5
2020-02-18,113,22.9,0.0,10.8
2020-02-19,119,23.4,0.0,10.6
2020-02-20,91,23.5,0.0,16.5
2020-02-21,82,22.6,0.0,17.9
2020-02-22,71,22.9,0.0,16.3
2020-02-23,65,23.3,0.0,15.9
2020-02-24,72,24.6,0.0,13.9
2020-02-25,88,24.8,0.0,11.9
2020-02-26,116,23.8,0.0,14.8
2020-02-27,103,23.6,0.0,15.2
2020-02-28,94,23.5,0.0,14.3
2020-02-29,86,24.1,0.0,14.0
2020-03-01,92,24.4,0.0,11.1
2020-03-02,97,24.7,0.0,8.8
2020-03-03,97,25.3,0.5,7.9
2020-03-04,112,26.0,0.0,15.3
2020-03-05,118,25.2,0.0,11.4
2020-03-06,90,25.5,0.3,18.2
2020-03-07,83,25.3,0.2,12.1
2020-03-08,72,25.3,0.0,12.3
2020-03-09,71,25.3,0.5,12.6
2020-03-10,60,26.2,0.6,14.3
2020-03-11,63,26.4,0.6,14.8
2020-03-12,75,26.1,0.5,14.9
2020-03-13,76,26.5,0.0,14.8
2020-03-14,75,26.2,0.0,12.9
2020-03-15,80,25.7,0.0,11.8
2020-03-16,66,25.8,0.0,14.5
2020-03-17,67,27.2,0.0,17.2
2020-03-18,66,27.0,0.0,10.6
2020-03-19,86,26.4,0.0,16.2
2020-03-20,75,27.3,0.0,11.5
2020-03-21,90,25.9,0.5,9.7
2020-03-22,94,26.2,0.0,9.0
2020-03-23,70,26.3,0.5,10.8
2020-03-24,64,26.8,0.0,12.0
2020-03-25,60,26.9,0.0,13.6
2020-03-26,59,26.8,0.0,14.1
2020-03-27,67,27.9,0.0,14.5
2020-03-28,68,28.0,0.0,10.5
2020-03-29,79,28.4,0.0,9.4
2020-03-30,73,27.9,0.0,9.7
2020-03-31,69,28.3,0.0,8.9
2020-04-01,84,28.3,0.0,8.7
2020-04-02,98,29.3,0.0,12.8
2020-04-03,73,29.0,0.0,10.8
2020-04-04,67,28.0,0.0,10.3
2020-04-05,66,28.7,0.0,12.2
2020-04-06,62,28.6,0.0,9.1
2020-04-07,47,28.6,0.1,16.2
2020-04-08,41,29.1,0.0,17.6
2020-04-09,63,28.0,0.2,18.9
2020-04-10,52,27.5,0.0,14.8
2020-04-11,65,27.8,0.0,11.5
2020-04-12,58,28.5,0.0,12.7
2020-04-13,66,28.8,0.0,12.2
2020-04-14,74,29.2,0.0,11.2
2020-04-15,72,29.4,0.0,10.9
2020-04-16,71,29.5,0.0,13.0
2020-04-17,74,29.8,0.0,14.5
2020-04-18,68,29.3,0.2,11.2
2020-04-19,65,29.2,0.0,9.8
2020-04-20,57,28.6,2.4,13.4
2020-04-21,50,29.9,0.0,17.8
2020-04-22,48,30.3,0.0,13.4
2020-04-23,50,31.0,0.0,12.4
2020-04-24,60,30.2,0.0,17.3
2020-04-25,59,31.1,0.0,16.7
2020-04-26,69,29.8,0.0,10.6
2020-04-27,54,29.7,0.1,22.6
2020-04-28,53,29.2,0.0,18.5
2020-04-29,46,28.8,0.4,10.7
2020-04-30,55,29.9,0.0,7.9
2020-05-01,58,30.1,0.0,19.0
2020-05-02,51,30.1,0.1,8.4
2020-05-03,73,30.9,0.0,10.1
2020-05-04,73,31.0,0.0,15.8
2020-05-05,68,30.8,0.0,9.9
2020-05-06,67,31.2,0.0,14.3
2020-05-07,54,30.6,0.1,14.6
2020-05-08,60,30.8,0.1,11.4
2020-05-09,65,31.6,0.0,14.9
2020-05-10,59,30.2,0.4,10.7
2020-05-11,78,29.4,0.0,11.5
2020-05-12,69,30.3,0.0,9.7
2020-05-13,56,30.0,0.0,12.3
2020-05-14,57,30.7,0.0,12.3
2020-05-15,58,30.7,0.2,12.7
2020-05-16,65,30.5,0.4,13.0
2020-05-17,72,30.7,0.0,12.5
2020-05-18,65,30.5,0.2,22.1
2020-05-19,101,31.0,0.0,21.2
2020-05-20,104,31.5,0.0,20.2
2020-05-21,108,31.7,0.0,21.4
2020-05-22,114,31.3,0.0,15.7
2020-05-23,121,32.0,0.0,14.7
2020-05-24,110,32.4,0.0,12.5
2020-05-25,94,32.4,0.2,15.0
2020-05-26,83,32.7,0.1,11.8
2020-05-27,86,33.1,0.1,12.3
2020-05-28,84,33.6,0.0,13.2
2020-05-29,81,33.3,0.0,16.3
2020-05-30,56,32.0,0.0,13.6
2020-05-31,69,30.2,3.0,11.6
2020-06-01,46,28.0,6.0,13.7
2020-06-02,56,27.5,8.0,11.6
2020-06-03,34,27.6,3.8,20.4
2020-06-04,32,28.2,0.0,27.2
2020-06-05,42,29.1,0.1,18.7
2020-06-06,62,29.3,0.5,16.1
2020-06-07,60,29.7,0.0,18.4
2020-06-08,53,30.5,0.2,19.4
2020-06-09,53,30.4,0.2,21.3
2020-06-10,47,27.5,13.2,18.4
2020-06-11,41,24.5,19.7,18.5
2020-06-12,42,24.1,36.0,20.2
2020-06-13,31,26.3,3.1,23.2
2020-06-14,33,27.4,2.4,22.2
2020-06-15,34,27.4,2.4,24.9
2020-06-16,31,25.9,24.7,24.8
2020-06-17,29,24.6,18.5,22.4
2020-06-18,35,25.3,4.0,23.3
2020-06-19,39,26.4,2.7,23.1
2020-06-20,55,27.4,1.2,24.1
2020-06-21,58,25.2,6.4,20.6
2020-06-22,59,25.9,0.3,22.9
2020-06-23,46,27.3,0.1,18.8
2020-06-24,50,27.4,0.5,12.6
2020-06-25,46,27.9,4.7,12.7
2020-06-26,50,28.1,0.2,12.4
2020-06-27,54,27.7,15.4,15.9
2020-06-28,44,26.9,8.5,16.9
2020-06-29,44,26.3,4.2,13.5
2020-06-30,47,26.6,2.6,9.1
2020-07-01,39,27.0,1.0,15.0
2020-07-02,33,26.4,2.7,20.7
2020-07-03,31,26.6,2.9,22.1
2020-07-04,30,24.1,9.5,19.6
2020-07-05,32,23.5,41.5,22.6
2020-07-06,40,24.3,4.4,21.3
2020-07-07,37,26.2,0.9,25.0
2020-07-08,30,26.5,0.9,17.1
2020-07-09,33,24.6,15.4,15.1
2020-07-10,34,24.6,2.2,19.3
2020-07-11,33,25.7,1.0,18.0
2020-07-12,41,26.5,0.4,19.9
2020-07-13,37,25.6,4.7,14.0
2020-07-14,36,25.1,15.1,13.0
2020-07-15,26,23.6,17.6,15.5
2020-07-16,30,24.2,1.8,22.1
2020-07-17,31,25.2,12.6,21.1
2020-07-18,33,26.2,0.6,16.6
2020-07-19,42,25.9,12.0,15.5
2020-07-20,38,25.7,5.0,13.2
2020-07-21,38,26.5,1.1,11.3
2020-07-22,44,27.2,1.1,11.2
2020-07-23,40,24.5,18.0,14.0
2020-07-24,38,25.7,0.3,13.5
2020-07-25,45,24.6,0.5,11.0
2020-07-26,37,26.2,0.0,14.2
2020-07-27,40,26.5,3.1,19.6
2020-07-28,48,26.1,4.9,17.4
2020-07-29,43,25.6,17.5,11.0
2020-07-30,48,26.4,0.2,9.0
2020-07-31,40,26.3,4.2,10.6
2020-08-01,60,25.9,8.6,12.5
2020-08-02,40,26.6,3.3,14.8
2020-08-03,26,25.4,2.9,27.8
2020-08-04,26,24.0,6.9,28.0
2020-08-05,27,24.2,13.8,30.7
2020-08-06,28,25.5,2.4,25.3
2020-08-07,30,26.3,0.3,25.8
2020-08-08,31,26.1,5.9,23.4
2020-08-09,45,25.4,11.5,26.3
2020-08-10,36,23.9,9.9,20.2
2020-08-11,32,25.0,1.4,26.8
2020-08-12,35,24.6,4.1,26.3
2020-08-13,34,23.0,25.8,24.6
2020-08-14,31,22.8,17.8,26.2
2020-08-15,29,22.4,35.3,23.9
2020-08-16,26,22.8,22.5,26.8
2020-08-17,34,23.8,12.5,22.0
2020-08-18,32,24.2,3.7,24.5
2020-08-19,33,23.3,32.8,19.1
2020-08-20,30,22.9,31.7,22.0
2020-08-21,32,23.5,10.6,21.7
2020-08-22,30,25.2,0.8,22.0
2020-08-23,31,25.5,0.6,17.6
2020-08-24,31,25.7,0.4,19.6
2020-08-25,34,25.9,0.2,15.7
2020-08-26,48,25.7,0.9,13.9
2020-08-27,49,24.3,5.1,19.1
2020-08-28,33,25.0,0.4,19.8
2020-08-29,38,25.4,0.0,21.6
2020-08-30,35,25.8,0.0,18.1
2020-08-31,38,26.3,0.0,12.6
2020-09-01,63,26.5,0.6,13.2
2020-09-02,59,25.9,5.2,13.3
2020-09-03,60,25.7,1.2,10.0
2020-09-04,46,26.4,0.0,14.0
2020-09-05,47,26.7,0.0,9.7
2020-09-06,50,27.1,0.7,10.0
2020-09-07,48,26.7,2.7,8.9
2020-09-08,82,26.8,1.1,6.6
2020-09-09,83,26.6,4.3,7.8
2020-09-10,55,26.2,2.5,11.5
2020-09-11,52,25.9,2.1,9.2
2020-09-12,46,25.9,1.1,13.4
2020-09-13,38,24.6,6.2,20.5
2020-09-14,43,23.7,22.3,18.2
2020-09-15,34,24.4,33.8,14.0
2020-09-16,44,24.4,11.8,13.3
2020-09-17,41,24.8,5.5,14.2
2020-09-18,41,25.3,13.7,13.2
2020-09-19,49,24.9,8.0,12.4
2020-09-20,50,25.0,14.1,16.7
2020-09-21,35,24.6,4.0,20.2
2020-09-22,35,25.2,2.0,20.9
2020-09-23,34,25.2,0.0,29.1
2020-09-24,36,25.5,0.0,23.3
2020-09-25,41,25.1,17.0,15.9
2020-09-26,34,23.0,19.8,18.9
2020-09-27,38,23.7,3.9,17.0
2020-09-28,51,24.7,2.7,12.1
2020-09-29,74,24.8,6.3,13.5
2020-09-30,71,25.0,11.0,13.2
2020-10-01,70,24.6,2.6,16.3
2020-10-02,86,25.8,0.0,15.1
2020-10-03,94,26.3,0.0,14.3
2020-10-04,94,26.2,0.0,17.8
2020-10-05,87,25.7,0.0,17.3
2020-10-06,103,26.0,0.0,14.9
2020-10-07,107,24.9,1.0,18.8
2020-10-08,102,24.7,2.5,8.4
2020-10-09,104,25.1,8.2,8.1
2020-10-10,62,25.3,5.9,9.2
2020-10-11,68,23.7,40.7,14.3
2020-10-12,45,23.8,11.7,15.9
2020-10-13,43,22.9,80.5,22.3
2020-10-14,33,24.0,13.7,25.7
2020-10-15,41,24.7,1.4,14.4
2020-10-16,51,24.9,0.0,10.2
2020-10-17,60,25.0,2.3,8.6
2020-10-18,48,25.0,3.8,6.2
2020-10-19,63,25.2,1.1,9.7
2020-10-20,79,24.4,13.3,13.0
2020-10-21,84,24.7,8.1,8.1
2020-10-22,143,25.1,0.0,10.5
2020-10-23,168,24.8,0.0,8.9
2020-10-24,150,25.0,0.0,8.4
2020-10-25,134,25.6,0.0,10.5
2020-10-26,121,24.5,0.0,12.6
2020-10-27,139,23.6,0.0,13.6
2020-10-28,126,24.0,0.0,9.1
2020-10-29,145,24.0,0.0,8.8
2020-10-30,157,24.5,0.0,12.9
2020-10-31,170,24.1,0.0,12.8
2020-11-01,162,24.0,0.0,10.0
2020-11-02,163,24.6,0.0,12.0
2020-11-03,167,24.8,0.0,13.0
2020-11-04,155,23.7,0.0,12.9
2020-11-05,150,23.1,0.0,11.2
2020-11-06,141,23.4,0.0,11.1
2020-11-07,161,24.4,0.0,13.2
2020-11-08,143,23.1,0.0,12.2
2020-11-09,149,21.2,0.0,11.8
2020-11-10,170,20.8,0.0,13.7
2020-11-11,151,21.7,0.0,12.1
2020-11-12,87,23.4,0.9,19.1
2020-11-13,58,24.0,0.1,17.2
2020-11-14,97,24.2,0.0,14.1
2020-11-15,108,23.7,0.0,19.1
2020-11-16,89,23.8,0.0,18.4
2020-11-17,98,24.0,0.0,18.7
2020-11-18,84,23.9,0.0,13.9
2020-11-19,60,24.4,0.0,12.7
2020-11-20,62,23.9,0.0,8.8
2020-11-21,70,23.9,0.0,8.9
2020-11-22,121,23.8,0.2,9.2
2020-11-23,124,23.2,0.0,12.4
2020-11-24,132,22.1,0.0,14.3
2020-11-25,125,22.4,0.0,13.6
2020-11-26,71,22.1,2.1,24.1
2020-11-27,86,19.0,13.1,18.7
2020-11-28,78,20.3,7.7,17.6
2020-11-29,74,22.3,0.0,17.1
2020-11-30,95,22.5,0.0,8.2
2020-12-01,136,21.8,0.0,9.8
2020-12-02,133,21.1,0.0,9.8
2020-12-03,152,20.9,0.0,9.9
2020-12-04,138,21.0,0.0,10.8
2020-12-05,127,20.3,0.0,10.8
2020-12-06,120,20.4,0.0,12.6
2020-12-07,123,21.2,0.0,13.0
2020-12-08,113,20.8,0.0,15.4
2020-12-09,142,21.3,0.0,12.1
2020-12-10,135,21.8,0.0,10.4
2020-12-11,96,21.4,0.0,9.4
2020-12-12,115,21.5,0.0,10.8
2020-12-13,148,21.1,0.0,9.9
2020-12-14,120,21.6,0.0,13.9
2020-12-15,111,21.0,0.0,14.9
2020-12-16,150,21.9,0.0,14.0
2020-12-17,125,22.6,0.0,9.4
2020-12-18,149,22.7,0.0,10.1
2020-12-19,158,21.3,0.0,12.4
2020-12-20,138,20.1,0.0,11.9
2020-12-21,126,18.8,0.0,11.7
2020-12-22,141,19.1,0.0,10.6
2020-12-23,162,19.2,0.0,10.1
2020-12-24,160,19.6,0.0,10.3
2020-12-25,176,19.9,0.0,10.8
2020-12-26,186,20.1,0.0,9.0
2020-12-27,185,20.7,0.0,9.7
2020-12-28,177,20.8,0.0,10.0
2020-12-29,182,20.8,0.0,10.5
2020-12-30,189,20.9,0.0,12.7
2020-12-31,184,21.5,0.0,16.0
2021-01-01,188,21.3,0.0,13.4
2021-01-02,184,19.7,0.0,13.0
2021-01-03,192,20.1,0.0,13.4
2021-01-04,142,20.0,0.0,19.7
2021-01-05,106,20.9,0.0,12.6
2021-01-06,102,21.5,1.2,12.8
2021-01-07,86,20.7,3.4,9.4
2021-01-08,141,22.8,0.0,14.9
2021-01-09,68,22.1,0.0,13.7
2021-01-10,85,21.7,0.0,12.6
2021-01-11,144,22.9,0.0,10.5
2021-01-12,163,22.7,0.0,10.8
2021-01-13,151,22.7,0.0,9.5
2021-01-14,143,22.1,0.0,9.7
2021-01-15,154,21.6,0.0,9.4
2021-01-16,156,22.0,0.0,10.0
2021-01-17,135,22.1,0.0,13.1
2021-01-18,94,21.5,0.0,11.8
2021-01-19,122,21.3,0.0,9.9
2021-01-20,106,22.1,0.0,9.6
2021-01-21,114,22.8,0.0,9.8
2021-01-22,141,23.6,0.0,10.2
2021-01-23,140,22.8,0.0,9.2
2021-01-24,120,22.5,0.0,10.2
2021-01-25,109,22.8,0.0,9.7
2021-01-26,99,23.1,0.0,9.4
2021-01-27,103,22.9,0.0,9.9
2021-01-28,120,23.2,0.0,13.6
2021-01-29,116,22.4,0.0,10.2
2021-01-30,121,22.5,0.0,9.4
2021-01-31,144,22.7,0.0,10.2
2021-02-01,149,22.0,0.0,10.9
2021-02-02,142,20.8,0.0,11.2
2021-02-03,144,20.9,0.0,11.2
2021-02-04,125,21.1,0.0,11.2
2021-02-05,114,20.9,0.0,10.8
2021-02-06,114,21.3,0.0,10.8
2021-02-07,149,21.4,0.0,11.9
2021-02-08,131,20.3,0.0,11.3
2021-02-09,152,21.4,0.0,10.7
2021-02-10,154,21.7,0.0,10.7
2021-02-11,129,22.3,0.0,10.1
2021-02-12,99,22.0,0.0,10.0
2021-02-13,114,21.7,0.0,10.7
2021-02-14,105,22.5,0.0,10.5
2021-02-15,95,23.6,0.0,10.1
2021-02-16,111,24.2,0.0,14.2
2021-02-17,112,23.9,0.0,16.1
2021-02-18,106,23.1,0.0,16.6
2021-02-19,112,21.5,0.5,16.9
2021-02-20,105,22.2,0.0,12.6
2021-02-21,80,22.3,0.0,15.1
2021-02-22,104,23.8,0.0,7.9
2021-02-23,143,23.8,0.0,10.4
2021-02-24,150,24.2,0.0,11.2
2021-02-25,131,24.5,0.0,11.4
2021-02-26,135,25.6,0.0,9.4
2021-02-27,148,26.0,0.0,9.5
2021-02-28,150,26.4,0.0,10.4
2021-03-01,128,25.9,0.0,10.8
2021-03-02,121,26.6,0.0,15.1
2021-03-03,131,25.7,0.0,13.0
2021-03-04,143,26.2,0.0,12.6
2021-03-05,103,25.9,0.0,13.6
2021-03-06,105,26.1,0.0,11.3
2021-03-07,122,26.6,0.0,11.8
2021-03-08,115,26.9,0.0,13.7
2021-03-09,106,26.5,0.0,14.8
2021-03-10,111,26.8,0.0,14.0
2021-03-11,109,26.8,0.0,16.1
2021-03-12,68,25.9,0.0,15.3
2021-03-13,80,24.7,0.0,12.7
2021-03-14,96,25.8,0.0,12.8
2021-03-15,106,26.4,0.0,11.4
2021-03-16,98,28.1,0.0,13.2
2021-03-17,119,27.8,0.0,10.3
2021-03-18,113,28.2,0.0,13.3
2021-03-19,110,28.1,0.0,12.5
2021-03-20,112,27.2,0.0,13.4
2021-03-21,109,27.5,0.0,8.6
2021-03-22,155,28.4,0.0,13.4
2021-03-23,141,28.4,0.0,14.3
2021-03-24,134,28.4,0.0,13.1
2021-03-25,164,28.8,0.0,10.2
2021-03-26,158,29.3,0.0,12.1
2021-03-27,154,29.5,0.0,14.5
2021-03-28,148,29.3,0.0,9.7
2021-03-29,136,29.9,0.0,11.1
2021-03-30,132,30.3,0.0,19.3
2021-03-31,139,29.6,0.0,16.9
2021-04-01,140,29.2,0.0,18.1
2021-04-02,152,29.5,0.0,17.9
2021-04-03,150,30.3,0.0,8.5
2021-04-04,141,29.5,0.0,11.3
2021-04-05,154,29.1,0.0,14.2
2021-04-06,125,29.7,0.0,14.9
2021-04-07,111,29.5,0.0,9.6
2021-04-08,121,29.9,0.0,15.6
2021-04-09,132,29.5,0.0,13.4
2021-04-10,110,29.5,0.0,14.4
2021-04-11,76,28.8,0.0,11.5
2021-04-12,91,28.3,0.1,14.6
2021-04-13,84,27.9,2.9,13.9
2021-04-14,58,25.9,1.8,9.4
2021-04-15,65,27.2,0.0,10.6
2021-04-16,76,28.1,0.0,11.9
2021-04-17,92,28.7,0.0,12.3
2021-04-18,106,29.3,0.0,8.9
2021-04-19,101,29.7,0.0,11.8
2021-04-20,112,29.8,0.0,10.4
2021-04-21,91,29.3,0.1,14.4
2021-04-22,92,29.0,0.0,8.7
2021-04-23,72,29.3,0.0,10.6
2021-04-24,72,29.4,0.0,11.5
2021-04-25,107,29.8,0.0,12.6
2021-04-26,81,29.8,0.0,10.7
2021-04-27,92,29.8,0.0,11.0
2021-04-28,79,29.8,0.0,15.5
2021-04-29,96,29.4,0.0,16.6
2021-04-30,91,29.6,0.0,11.5
2021-05-01,98,29.5,0.0,13.6
2021-05-02,77,29.0,0.0,10.3
2021-05-03,69,28.5,0.0,9.8
2021-05-04,76,28.9,0.0,6.1
2021-05-05,69,29.6,0.0,12.7
2021-05-06,57,29.9,0.0,15.8
2021-05-07,52,29.4,0.0,13.8
2021-05-08,51,29.6,0.0,10.2
2021-05-09,51,29.9,0.1,11.0
2021-05-10,50,30.2,0.1,8.8
2021-05-11,67,30.3,0.9,10.1
2021-05-12,55,31.0,0.0,12.0
2021-05-13,55,31.1,0.1,15.3
2021-05-14,58,30.0,0.4,21.5
2021-05-15,35,28.7,0.7,27.2
2021-05-16,29,26.9,11.3,22.8
2021-05-17,32,28.2,0.7,15.2
2021-05-18,47,29.0,2.2,16.7
2021-05-19,37,29.9,0.1,17.3
2021-05-20,42,29.1,0.3,17.4
2021-05-21,71,30.0,0.0,14.0
2021-05-22,75,29.8,0.0,17.6
2021-05-23,76,31.2,0.0,18.5
2021-05-24,78,31.2,0.0,21.9
2021-05-25,91,31.1,0.0,20.7
2021-05-26,108,31.2,0.0,25.6
2021-05-27,73,30.4,0.0,24.4
2021-05-28,51,29.8,0.5,21.3
2021-05-29,61,30.1,0.2,17.5
2021-05-30,49,30.2,0.0,17.4
2021-05-31,51,30.4,1.2,16.8
2021-06-01,45,29.7,1.3,14.8
2021-06-02,46,27.4,12.4,12.4
2021-06-03,48,26.1,2.5,10.0
2021-06-04,48,26.7,0.0,9.4
2021-06-05,46,27.4,1.9,15.0
2021-06-06,37,27.2,2.1,10.5
2021-06-07,40,27.8,2.1,16.2
2021-06-08,46,28.7,1.3,17.8
2021-06-09,37,26.8,3.8,22.4
2021-06-10,34,27.0,0.3,28.1
2021-06-11,31,25.6,2.2,28.7
2021-06-12,30,27.2,1.2,30.0
2021-06-13,32,26.8,2.2,24.6
2021-06-14,32,26.0,10.3,22.9
2021-06-15,26,26.8,1.0,23.5
2021-06-16,19,25.4,2.9,27.3
2021-06-17,23,25.2,3.4,26.8
2021-06-18,50,26.0,0.7,25.4
2021-06-19,42,25.6,0.8,27.9
2021-06-20,51,26.9,0.0,29.5
2021-06-21,106,27.6,0.0,20.6
2021-06-22,108,28.6,0.0,18.1
2021-06-23,101,27.8,0.3,16.2
2021-06-24,70,25.2,3.7,20.6
2021-06-25,49,26.1,0.2,25.2
2021-06-26,55,27.0,1.6,21.1
2021-06-27,47,24.6,8.2,19.9
2021-06-28,48,26.4,2.3,13.5
2021-06-29,57,28.3,0.0,12.2
2021-06-30,61,29.1,0.1,16.6
2021-07-01,46,27.7,1.6,15.2
2021-07-02,38,24.7,23.8,16.1
2021-07-03,49,27.5,0.0,15.6
2021-07-04,72,28.1,0.0,15.6
2021-07-05,63,28.0,0.0,13.2
2021-07-06,76,27.5,0.9,12.8
2021-07-07,64,27.1,7.7,14.9
2021-07-08,44,24.4,19.4,16.0
2021-07-09,40,25.1,14.4,17.8
2021-07-10,37,25.3,5.2,13.9
2021-07-11,38,25.0,9.3,18.9
2021-07-12,33,24.9,14.1,18.4
2021-07-13,29,24.4,13.1,22.3
2021-07-14,30,24.3,4.5,26.7
2021-07-15,30,24.8,4.5,20.3
2021-07-16,30,25.2,5.0,9.9
2021-07-17,33,25.9,7.7,11.8
2021-07-18,38,25.7,9.2,12.3
2021-07-19,30,25.4,1.3,23.4
2021-07-20,31,25.5,1.6,28.1
2021-07-21,32,23.2,43.8,29.2
2021-07-22,28,22.9,39.3,28.8
2021-07-23,33,23.7,7.4,27.1
2021-07-24,39,25.7,0.2,28.1
2021-07-25,39,26.0,1.7,27.7
2021-07-26,33,26.4,0.0,30.9
2021-07-27,40,26.1,0.2,29.6
2021-07-28,35,25.9,0.1,31.0
2021-07-29,38,25.3,0.0,29.2
2021-07-30,37,25.3,0.5,29.5
2021-07-31,41,25.4,1.1,30.2
2021-08-01,42,25.3,0.4,30.6
2021-08-02,36,25.6,0.7,28.8
2021-08-03,39,25.7,0.3,26.8
2021-08-04,44,26.0,1.0,27.8
2021-08-05,41,25.9,2.6,24.5
2021-08-06,43,26.0,0.5,23.4
2021-08-07,71,26.5,0.0,18.8
2021-08-08,54,26.6,1.7,14.8
2021-08-09,55,26.9,1.2,13.2
2021-08-10,62,27.2,0.2,16.1
2021-08-11,56,27.5,0.3,18.9
2021-08-12,49,26.5,7.5,18.1
2021-08-13,50,26.0,0.4,16.7
2021-08-14,58,27.1,0.0,20.0
2021-08-15,51,26.3,2.2,20.5
2021-08-16,42,24.1,4.9,18.8
2021-08-17,51,23.2,22.5,16.7
2021-08-18,45,24.3,2.9,22.1
2021-08-19,44,25.3,0.9,25.9
2021-08-20,50,24.8,1.4,18.6
2021-08-21,54,24.5,6.1,11.0
2021-08-22,49,25.5,2.4,11.2
2021-08-23,54,26.2,0.6,10.9
2021-08-24,63,26.3,1.3,9.4
2021-08-25,68,25.9,2.9,12.0
2021-08-26,43,25.4,9.4,17.0
2021-08-27,45,25.4,6.1,12.4
2021-08-28,42,24.4,9.9,12.3
2021-08-29,49,24.9,3.0,15.5
2021-08-30,36,23.9,8.8,19.0
2021-08-31,39,24.5,10.2,19.3
2021-09-01,43,24.9,2.5,9.9
2021-09-02,60,25.0,3.1,11.0
2021-09-03,45,24.8,6.6,11.3
2021-09-04,38,24.4,9.9,15.6
2021-09-05,38,24.5,3.3,18.2
2021-09-06,38,23.3,9.3,18.5
2021-09-07,38,22.8,47.8,26.1
2021-09-08,33,25.1,3.9,29.3
2021-09-09,34,25.6,0.0,26.7
2021-09-10,41,25.5,0.2,23.3
2021-09-11,38,25.3,0.4,22.7
2021-09-12,34,25.5,1.2,24.9
2021-09-13,32,25.3,3.3,25.6
2021-09-14,34,25.2,2.1,25.5
2021-09-15,48,25.2,0.0,22.7
2021-09-16,58,24.9,0.0,20.5
2021-09-17,65,25.2,0.0,17.0
2021-09-18,63,25.2,0.0,13.7
2021-09-19,72,25.3,12.9,9.8
2021-09-20,50,24.7,14.9,12.7
2021-09-21,37,24.2,7.3,14.8
2021-09-22,37,24.1,4.9,19.8
2021-09-23,42,23.6,20.2,12.6
2021-09-24,40,25.1,1.8,14.4
2021-09-25,43,25.2,6.1,15.0
2021-09-26,43,24.5,6.5,15.1
2021-09-27,42,23.2,39.2,20.0
2021-09-28,38,24.2,9.0,25.5
2021-09-29,33,24.9,0.4,16.6
2021-09-30,46,25.3,4.6,9.5
2021-10-01,54,25.8,5.3,8.4
2021-10-02,52,25.7,2.8,9.4
2021-10-03,60,25.9,2.1,8.5
2021-10-04,55,25.9,5.1,9.3
2021-10-05,62,25.5,4.0,12.9
2021-10-06,59,25.2,2.1,18.0
2021-10-07,46,25.6,0.4,14.5
2021-10-08,54,25.5,12.4,10.0
2021-10-09,42,25.2,8.5,13.0
2021-10-10,60,25.1,4.6,13.6
2021-10-11,89,25.1,0.0,14.7
2021-10-12,123,25.1,0.0,9.5
2021-10-13,145,26.0,0.0,10.7
2021-10-14,145,26.3,0.0,11.6
2021-10-15,129,26.4,0.0,12.4
2021-10-16,145,24.1,11.6,15.0
2021-10-17,47,24.7,1.6,16.7
2021-10-18,90,26.1,0.0,17.1
2021-10-19,92,25.7,0.0,14.8
2021-10-20,128,25.3,0.0,10.1
2021-10-21,125,25.1,0.0,12.7
2021-10-22,129,25.1,0.0,9.6
2021-10-23,116,25.6,0.0,14.8
2021-10-24,125,25.0,0.0,11.4
2021-10-25,118,24.6,0.0,12.1
2021-10-26,143,23.9,0.0,14.2
2021-10-27,142,23.6,0.0,17.7
2021-10-28,136,24.1,0.0,14.7
2021-10-29,108,25.9,0.0,17.5
2021-10-30,128,25.4,1.0,16.0
2021-10-31,130,25.6,0.0,13.2
2021-11-01,127,24.4,0.1,12.6
2021-11-02,121,23.9,16.2,15.2
2021-11-03,46,23.9,1.4,17.3
2021-11-04,57,24.2,1.0,13.4
2021-11-05,78,24.0,0.0,16.2
2021-11-06,104,24.0,0.0,11.4
2021-11-07,142,23.3,0.0,13.0
2021-11-08,134,23.0,0.0,11.2
2021-11-09,145,23.1,0.0,16.1
2021-11-10,179,24.0,0.0,15.0
2021-11-11,169,22.8,3.9,14.2
2021-11-12,146,22.7,2.0,18.7
2021-11-13,63,24.0,1.2,14.0
2021-11-14,53,24.3,4.4,13.0
2021-11-15,59,24.9,1.0,16.2
2021-11-16,51,24.1,5.0,21.0
2021-11-17,43,23.9,1.8,17.7
2021-11-18,74,23.2,1.3,10.0
2021-11-19,69,22.4,4.9,20.9
2021-11-20,40,23.2,4.9,20.4
2021-11-21,38,23.6,3.8,20.3
2021-11-22,44,25.0,0.7,12.2
2021-11-23,68,24.9,1.0,7.4
2021-11-24,76,24.8,0.0,14.1
2021-11-25,90,24.4,0.0,10.5
2021-11-26,143,23.6,0.0,12.6
2021-11-27,127,23.2,0.0,14.6
2021-11-28,134,23.1,0.0,15.9
2021-11-29,160,22.5,0.3,15.0
2021-11-30,132,23.3,0.0,13.4
2021-12-01,131,23.0,0.0,12.8
2021-12-02,156,23.3,0.0,15.7
2021-12-03,170,23.6,0.0,12.6
2021-12-04,162,24.2,0.0,15.0
2021-12-05,162,24.3,0.0,10.2
2021-12-06,125,24.2,0.0,10.5
2021-12-07,109,25.0,0.0,13.1
2021-12-08,123,23.5,0.0,12.4
2021-12-09,102,23.7,0.7,10.9
2021-12-10,84,23.5,0.8,14.4
2021-12-11,101,23.6,0.1,12.6
2021-12-12,136,23.1,0.0,14.4
2021-12-13,132,22.5,0.0,11.6
2021-12-14,150,22.1,0.1,11.1
2021-12-15,163,21.2,0.0,11.2
2021-12-16,157,20.6,0.0,12.2
2021-12-17,156,20.4,0.0,13.6
2021-12-18,150,19.9,0.0,13.5
2021-12-19,164,19.7,0.0,11.3
2021-12-20,170,19.5,0.0,9.0
2021-12-21,158,19.6,0.0,8.3
2021-12-22,143,19.9,0.0,10.2
2021-12-23,172,21.6,0.0,8.0
2021-12-24,168,22.2,0.0,11.6
2021-12-25,160,22.1,0.0,9.7
2021-12-26,174,22.6,0.0,13.4
2021-12-27,147,22.5,0.0,11.2
2021-12-28,119,22.0,0.0,14.3
2021-12-29,94,21.4,0.0,11.7
2021-12-30,92,21.4,0.3,16.0
2021-12-31,117,21.7,0.0,13.8
2022-01-01,126,21.9,0.0,11.3
2022-01-02,143,21.3,0.0,9.5
2022-01-03,136,20.6,0.0,10.7
2022-01-04,145,20.4,0.0,11.9
2022-01-05,151,20.7,0.0,12.0
2022-01-06,119,20.8,0.0,14.4
2022-01-07,84,21.7,0.0,13.6
2022-01-08,65,22.0,0.3,16.3
2022-01-09,72,22.5,0.4,13.0
2022-01-10,73,21.4,3.0,11.7
2022-01-11,64,20.8,4.9,15.2
2022-01-12,79,20.2,1.5,12.6
2022-01-13,66,20.2,1.1,14.7
2022-01-14,57,21.5,1.2,17.7
2022-01-15,78,20.4,1.0,12.4
2022-01-16,82,20.6,0.1,14.8
2022-01-17,75,20.2,0.8,10.1
2022-01-18,103,20.9,0.0,8.2
2022-01-19,146,21.3,0.0,11.2
2022-01-20,130,21.7,0.0,10.3
2022-01-21,127,22.1,0.0,16.6
2022-01-22,114,22.8,0.0,15.1
2022-01-23,93,22.5,0.0,19.6
2022-01-24,106,20.7,0.0,11.4
2022-01-25,193,20.2,0.0,9.7
2022-01-26,178,20.8,0.0,12.0
2022-01-27,161,20.6,0.0,13.4
2022-01-28,130,19.3,0.0,12.0
2022-01-29,108,18.8,0.0,9.2
2022-01-30,148,20.4,0.0,10.1
2022-01-31,158,22.4,0.0,9.8
2022-02-01,180,23.0,0.0,10.4
2022-02-02,162,23.8,0.0,13.4
2022-02-03,110,23.7,0.0,17.5
2022-02-04,118,22.5,0.0,15.1
2022-02-05,152,21.3,0.0,11.0
2022-02-06,138,21.3,0.0,14.7
2022-02-07,124,23.1,0.0,9.9
2022-02-08,128,24.0,0.0,14.5
2022-02-09,108,24.0,0.0,16.0
2022-02-10,108,23.6,0.0,12.4
2022-02-11,142,23.6,0.0,14.2
2022-02-12,131,22.5,0.0,13.0
2022-02-13,133,21.6,0.0,12.8
2022-02-14,129,22.1,0.0,11.5
2022-02-15,120,23.4,0.0,14.9
2022-02-16,107,23.8,0.0,12.1
2022-02-17,104,24.5,0.0,16.6
2022-02-18,98,24.3,0.0,14.7
2022-02-19,121,24.4,0.0,13.0
2022-02-20,104,25.3,0.0,17.2
2022-02-21,135,24.9,0.0,12.0
2022-02-22,131,25.1,0.0,11.8
2022-02-23,106,24.3,0.0,13.3
2022-02-24,90,25.1,0.0,13.9
2022-02-25,86,25.4,0.0,15.5
2022-02-26,84,24.3,0.0,18.8
2022-02-27,83,24.8,0.0,15.8
2022-02-28,67,25.2,0.0,15.8
2022-03-01,73,26.1,0.0,13.1
2022-03-02,76,25.9,0.0,14.1
2022-03-03,93,26.0,0.0,15.8
2022-03-04,86,26.2,0.0,14.5
2022-03-05,94,26.3,0.0,13.0
2022-03-06,96,25.7,0.0,17.0
2022-03-07,83,25.9,0.0,14.0
2022-03-08,99,26.8,0.0,11.3
2022-03-09,130,27.6,0.0,12.5
2022-03-10,144,27.2,0.0,9.8
2022-03-11,140,27.7,0.0,11.6
2022-03-12,132,27.7,0.0,10.2
2022-03-13,159,27.7,0.0,15.0
2022-03-14,133,27.2,0.0,12.6
2022-03-15,138,27.8,0.0,13.9
2022-03-16,138,28.5,0.0,14.1
2022-03-17,144,29.1,0.0,15.1
2022-03-18,136,29.8,0.0,12.0
2022-03-19,112,29.1,0.0,13.6
2022-03-20,106,28.3,1.6,23.7
2022-03-21,137,29.9,0.0,18.2
2022-03-22,135,29.3,0.0,14.9
2022-03-23,139,29.6,0.0,13.2
2022-03-24,132,29.3,0.0,14.5
2022-03-25,127,29.5,0.0,15.9
2022-03-26,113,29.9,0.0,20.6
2022-03-27,114,30.3,0.0,14.7
2022-03-28,124,30.3,0.0,11.1
2022-03-29,133,30.4,0.0,11.7
2022-03-30,141,30.5,0.0,11.5
2022-03-31,138,30.7,0.0,12.3
2022-04-01,137,30.4,0.0,17.7
2022-04-02,105,30.4,0.0,13.3
2022-04-03,120,30.5,0.0,13.8
2022-04-04,96,31.0,0.0,15.7
2022-04-05,92,30.6,0.0,12.8
2022-04-06,97,30.5,0.0,13.1
2022-04-07,108,30.5,0.0,15.2
2022-04-08,104,30.9,0.0,14.5
2022-04-09,84,30.3,0.0,12.0
2022-04-10,119,30.5,0.0,14.1
2022-04-11,78,30.5,0.0,16.7
2022-04-12,116,31.1,0.0,17.1
2022-04-13,87,30.7,0.0,16.1
2022-04-14,75,31.2,0.0,13.6
2022-04-15,96,30.5,2.7,27.7
2022-04-16,103,31.2,0.0,17.4
2022-04-17,104,30.3,0.0,21.8
2022-04-18,104,31.1,0.0,12.0
2022-04-19,115,31.5,0.0,13.7
2022-04-20,93,32.0,0.0,15.0
2022-04-21,115,30.8,0.6,11.8
2022-04-22,95,29.2,0.1,27.9
2022-04-23,78,29.4,0.0,9.1
2022-04-24,93,30.0,0.1,15.9
2022-04-25,123,31.3,0.0,13.0
2022-04-26,93,30.7,0.0,11.3
2022-04-27,110,31.3,0.0,13.3
2022-04-28,110,31.6,0.0,9.4
2022-04-29,93,31.6,0.0,13.8
2022-04-30,116,32.0,0.0,13.8
2022-05-01,127,32.0,0.0,12.7
2022-05-02,101,32.1,0.0,19.0
2022-05-03,133,32.1,0.0,18.6
2022-05-04,93,30.2,1.9,19.6
2022-05-05,91,31.1,0.0,12.1
2022-05-06,110,32.1,0.0,21.0
2022-05-07,109,31.6,0.0,14.7
2022-05-08,117,31.4,0.0,23.6
2022-05-09,136,31.7,0.0,18.0
2022-05-10,143,30.9,0.0,21.5
2022-05-11,86,27.3,6.4,12.3
2022-05-12,72,28.5,0.2,14.1
2022-05-13,71,29.7,0.6,15.0
2022-05-14,100,31.4,0.1,14.0
2022-05-15,94,31.4,0.1,15.1
2022-05-16,82,30.8,0.0,14.1
2022-05-17,82,29.3,1.2,20.6
2022-05-18,88,28.9,0.5,17.8
2022-05-19,70,27.6,2.9,13.1
2022-05-20,62,27.8,3.6,15.6
2022-05-21,69,28.3,0.0,20.6
2022-05-22,108,29.0,0.0,25.7
2022-05-23,83,29.8,0.0,23.4
2022-05-24,83,30.8,0.0,20.9
2022-05-25,107,30.8,0.0,15.8
2022-05-26,111,30.4,0.3,21.0
2022-05-27,109,30.3,0.1,18.4
2022-05-28,110,30.7,0.0,20.8
2022-05-29,122,31.4,0.0,22.5
2022-05-30,121,31.7,0.0,19.5
2022-05-31,115,29.0,1.1,20.2
2022-06-01,100,29.3,8.2,20.8
2022-06-02,119,31.0,0.0,25.9
2022-06-03,96,31.3,0.0,20.8
2022-06-04,117,32.3,0.0,20.6
2022-06-05,128,31.7,0.0,15.8
2022-06-06,94,30.9,0.8,19.3
2022-06-07,90,30.6,0.4,22.0
2022-06-08,88,29.8,0.0,20.2
2022-06-09,86,30.2,0.5,18.8
2022-06-10,68,30.4,0.0,17.8
2022-06-11,63,29.4,0.0,18.5
2022-06-12,60,29.2,0.4,16.1
2022-06-13,62,29.5,0.5,16.2
2022-06-14,68,28.7,0.7,16.6
2022-06-15,74,26.8,11.5,15.0
2022-06-16,74,27.0,7.8,13.5
2022-06-17,85,27.8,1.0,12.7
2022-06-18,82,27.7,3.8,10.2
2022-06-19,68,27.3,1.6,14.8
2022-06-20,79,27.3,1.8,23.4
2022-06-21,57,26.4,10.7,18.8
2022-06-22,53,26.7,0.3,16.9
2022-06-23,59,27.8,0.2,16.6
2022-06-24,53,27.8,0.1,19.2
2022-06-25,52,26.4,6.5,22.0
2022-06-26,49,24.8,23.6,21.4
2022-06-27,48,24.9,12.7,21.5
2022-06-28,54,25.7,7.9,23.8
2022-06-29,53,26.9,1.1,21.3
2022-06-30,57,26.4,2.6,20.2
2022-07-01,54,26.5,0.6,21.4
2022-07-02,56,26.7,2.9,22.8
2022-07-03,57,26.7,3.6,20.3
2022-07-04,53,25.4,6.1,22.0
2022-07-05,51,24.5,10.0,23.2
2022-07-06,45,23.7,20.3,19.6
2022-07-07,49,24.7,21.0,23.9
2022-07-08,45,23.1,27.4,22.7
2022-07-09,43,22.7,55.8,27.0
2022-07-10,41,22.5,39.9,29.8
2022-07-11,52,23.5,10.5,37.9
2022-07-12,45,22.3,36.3,33.1
2022-07-13,57,22.5,21.3,33.6
2022-07-14,45,23.8,2.0,37.9
2022-07-15,46,25.0,0.7,33.6
2022-07-16,48,25.6,3.3,26.7
2022-07-17,48,24.2,13.6,21.7
2022-07-18,48,24.3,8.8,25.3
2022-07-19,56,25.5,1.3,25.1
2022-07-20,53,26.3,0.2,19.6
2022-07-21,58,25.6,0.4,19.8
2022-07-22,59,24.3,22.8,19.4
2022-07-23,44,23.6,16.2,22.3
2022-07-24,48,23.8,2.0,20.6
2022-07-25,43,24.1,13.1,16.6
2022-07-26,44,24.2,3.0,17.6
2022-07-27,48,25.1,2.3,8.4
2022-07-28,61,25.2,1.6,9.2
2022-07-29,75,25.6,2.3,9.4
2022-07-30,58,25.9,3.8,8.7
2022-07-31,50,26.1,0.5,9.7
2022-08-01,57,25.6,5.0,10.1
2022-08-02,59,25.8,6.2,10.9
2022-08-03,61,25.4,3.4,12.2
2022-08-04,53,25.2,7.3,12.5
2022-08-05,52,24.7,6.4,19.2
2022-08-06,46,24.9,20.2,24.9
2022-08-07,52,24.3,12.7,23.1
2022-08-08,42,22.9,22.7,26.1
2022-08-09,38,23.6,6.2,33.2
2022-08-10,48,25.1,0.3,36.9
2022-08-11,54,25.4,0.9,31.3
2022-08-12,42,25.8,0.5,28.8
2022-08-13,46,25.2,0.2,29.9
2022-08-14,50,23.8,7.0,27.4
2022-08-15,54,23.5,7.4,25.8
2022-08-16,46,25.1,0.0,19.3
2022-08-17,46,25.8,0.0,18.0
2022-08-18,54,26.1,0.1,19.8
2022-08-19,57,26.0,0.1,21.7
2022-08-20,54,25.6,0.9,25.1
2022-08-21,53,26.0,0.5,23.9
2022-08-22,54,25.4,0.2,26.7
2022-08-23,51,25.5,0.3,20.5
2022-08-24,52,26.0,1.6,18.2
2022-08-25,48,25.3,4.2,17.6
2022-08-26,60,25.8,1.0,11.7
2022-08-27,66,25.6,1.7,15.4
2022-08-28,63,26.0,0.6,15.1
2022-08-29,84,25.5,8.8,10.5
2022-08-30,62,25.7,0.7,13.5
2022-08-31,60,25.7,8.7,12.7
2022-09-01,51,25.4,7.2,13.5
2022-09-02,48,25.7,0.4,14.5
2022-09-03,48,26.7,2.6,9.6
2022-09-04,54,25.8,10.5,13.4
2022-09-05,51,25.6,2.5,14.8
2022-09-06,63,25.2,10.9,11.5
2022-09-07,59,25.0,19.5,11.8
2022-09-08,53,24.4,10.9,11.8
2022-09-09,47,24.4,24.5,9.4
2022-09-10,42,24.0,20.3,16.6
2022-09-11,44,23.5,9.2,21.3
2022-09-12,43,24.5,1.6,24.3
2022-09-13,45,25.3,0.5,26.6
2022-09-14,45,25.2,0.9,24.0
2022-09-15,46,25.2,0.2,23.8
2022-09-16,47,25.3,0.0,28.6
2022-09-17,42,25.3,0.3,20.6
2022-09-18,49,25.3,0.1,19.7
2022-09-19,50,25.2,3.2,19.8
2022-09-20,51,24.0,1.8,20.4
2022-09-21,65,24.9,0.8,20.8
2022-09-22,69,24.6,3.6,19.4
2022-09-23,62,24.3,0.8,16.9
2022-09-24,59,24.8,0.0,16.6
2022-09-25,64,24.9,0.7,11.6
2022-09-26,73,25.2,3.1,12.6
2022-09-27,58,25.2,2.2,11.4
2022-09-28,79,24.9,14.6,8.6
2022-09-29,68,24.0,25.5,12.0
2022-09-30,71,25.2,8.5,14.6
2022-10-01,75,25.0,1.3,14.6
2022-10-02,60,25.2,0.0,18.6
2022-10-03,62,25.8,0.1,18.9
2022-10-04,68,25.9,0.0,18.0
2022-10-05,74,24.5,10.9,12.8
2022-10-06,55,22.8,21.1,12.9
2022-10-07,49,24.3,2.3,14.1
2022-10-08,53,24.5,3.5,9.2
2022-10-09,51,24.1,2.6,14.8
2022-10-10,43,24.0,1.5,14.5
2022-10-11,44,24.4,3.2,15.3
2022-10-12,49,24.2,11.8,10.5
2022-10-13,54,24.3,3.8,8.0
2022-10-14,59,23.4,2.0,12.6
2022-10-15,54,23.6,5.0,15.5
2022-10-16,47,23.1,6.0,15.3
2022-10-17,46,24.6,2.0,12.2
2022-10-18,57,24.4,0.4,8.8
2022-10-19,68,24.3,1.1,10.0
2022-10-20,61,23.8,2.8,12.6
2022-10-21,75,24.2,0.0,13.7
2022-10-22,78,22.9,0.0,16.5
2022-10-23,89,22.0,0.0,22.1
2022-10-24,81,21.8,0.0,17.5
2022-10-25,160,21.6,0.0,9.8
2022-10-26,94,22.0,0.0,10.3
2022-10-27,94,22.3,0.0,9.3
2022-10-28,83,22.9,0.0,13.1
2022-10-29,69,22.7,0.0,16.3
2022-10-30,78,22.2,0.0,14.5
2022-10-31,85,21.9,0.0,12.8
2022-11-01,103,22.2,0.2,11.7
2022-11-02,95,22.7,0.0,11.3
2022-11-03,94,24.1,0.3,12.8
2022-11-04,91,24.1,0.6,10.8
2022-11-05,92,23.9,0.0,9.2
2022-11-06,91,23.1,0.0,10.6
2022-11-07,100,23.2,0.0,10.2
2022-11-08,93,23.1,0.0,9.3
2022-11-09,90,22.4,0.0,9.9
2022-11-10,86,22.9,0.0,11.8
2022-11-11,102,23.9,0.0,19.1
2022-11-12,83,23.9,0.0,14.9
2022-11-13,82,23.3,0.0,13.0
2022-11-14,85,23.1,0.0,10.3
2022-11-15,87,22.9,0.0,12.1
2022-11-16,106,21.7,0.0,9.8
2022-11-17,107,21.4,0.0,10.9
2022-11-18,104,22.0,0.0,16.5
2022-11-19,118,21.2,0.0,17.4
2022-11-20,130,20.4,0.0,11.4
2022-11-21,111,23.4,0.0,13.5
2022-11-22,143,25.0,0.0,16.0
2022-11-23,103,24.6,0.0,14.8
2022-11-24,112,24.3,0.8,10.8
2022-11-25,99,24.5,0.0,11.8
2022-11-26,119,23.8,0.0,10.2
2022-11-27,119,23.3,0.0,13.4
2022-11-28,113,22.8,0.0,10.5
2022-11-29,105,21.6,0.0,9.7
2022-11-30,117,21.2,0.0,8.9
2022-12-01,123,23.1,0.0,8.9
2022-12-02,119,23.8,0.0,9.7
2022-12-03,96,24.0,0.1,9.1
2022-12-04,98,24.0,0.0,9.0
2022-12-05,124,22.5,0.0,10.9
2022-12-06,113,22.1,0.0,12.5
2022-12-07,117,22.0,0.0,14.4
2022-12-08,111,20.7,0.0,16.0
2022-12-09,107,21.5,0.0,12.8
2022-12-10,98,22.2,3.8,19.2
2022-12-11,81,21.6,11.1,22.6
2022-12-12,55,22.5,1.3,19.2
2022-12-13,58,22.9,2.3,16.6
2022-12-14,58,23.0,0.0,14.0
2022-12-15,88,23.6,0.0,8.4
2022-12-16,96,24.2,0.0,8.9
2022-12-17,111,24.0,0.0,11.6
2022-12-18,101,22.5,0.0,12.0
2022-12-19,108,21.2,0.0,10.9
2022-12-20,121,21.6,0.0,10.9
2022-12-21,113,21.9,0.0,9.3
2022-12-22,120,22.1,0.0,10.8
2022-12-23,106,22.1,0.0,12.5
2022-12-24,119,21.8,0.0,10.8
2022-12-25,88,21.4,0.0,13.5
2022-12-26,68,23.0,0.3,15.1
2022-12-27,64,24.0,0.0,8.9
2022-12-28,66,24.8,0.0,9.0
2022-12-29,89,25.0,0.0,8.4
2022-12-30,104,24.7,0.0,8.3
2022-12-31,109,24.8,0.0,8.1
2023-01-01,97,24.1,0.0,9.2
2023-01-02,88,23.6,0.0,10.7
2023-01-03,95,22.9,0.0,8.4
2023-01-04,87,22.2,0.0,11.5
2023-01-05,102,21.7,0.9,12.5
2023-01-06,134,21.7,0.3,10.8
2023-01-07,128,21.0,0.0,12.9
2023-01-08,117,18.7,0.0,11.5
2023-01-09,103,18.7,0.0,10.2
2023-01-10,112,20.4,0.0,9.0
2023-01-11,144,20.3,0.0,10.8
2023-01-12,114,21.1,0.0,8.9
2023-01-13,112,21.6,0.0,8.7
2023-01-14,94,22.0,0.0,10.3
2023-01-15,103,22.1,0.0,10.3
2023-01-16,76,22.3,0.0,10.7
2023-01-17,74,21.7,0.0,10.6
2023-01-18,74,21.8,0.0,9.9
2023-01-19,83,21.8,0.0,10.8
2023-01-20,94,22.0,0.0,11.3
2023-01-21,97,21.7,0.0,9.5
2023-01-22,97,21.6,0.0,10.0
2023-01-23,112,21.7,0.0,13.7
2023-01-24,82,22.1,0.0,13.8
2023-01-25,76,21.6,0.0,15.3
2023-01-26,85,21.1,0.0,14.3
2023-01-27,103,21.8,0.0,12.2
2023-01-28,114,22.2,0.0,10.5
2023-01-29,106,22.4,0.0,16.1
2023-01-30,110,22.8,0.0,17.9
2023-01-31,92,23.3,0.0,11.2
2023-02-01,121,22.8,0.0,16.1
2023-02-02,112,22.6,0.0,16.9
2023-02-03,91,22.1,0.0,10.5
2023-02-04,116,22.8,0.0,11.5
2023-02-05,113,22.5,0.0,11.5
2023-02-06,112,23.1,0.0,10.5
2023-02-07,104,24.7,0.0,10.1
2023-02-08,102,24.8,0.0,10.5
2023-02-09,112,24.4,0.0,8.8
2023-02-10,114,24.9,0.0,11.8
2023-02-11,111,25.1,0.0,9.4
2023-02-12,116,25.4,0.0,12.9
2023-02-13,104,23.6,0.0,15.3
2023-02-14,104,22.6,0.0,11.6
2023-02-15,112,23.8,0.0,13.8
2023-02-16,111,24.8,0.0,18.1
2023-02-17,104,24.0,0.0,11.6
2023-02-18,103,24.4,0.0,9.7
2023-02-19,87,25.0,0.0,10.8
2023-02-20,92,25.2,0.0,9.5
2023-02-21,100,25.9,0.0,10.5
2023-02-22,113,26.2,0.0,10.0
2023-02-23,109,25.7,0.0,11.6
2023-02-24,112,26.5,0.0,11.2
2023-02-25,101,26.6,0.0,11.3
2023-02-26,98,26.1,0.0,11.7
2023-02-27,87,25.4,0.0,14.5
2023-02-28,92,25.7,0.0,15.4
2023-03-01,82,26.0,0.0,15.8
2023-03-02,94,25.7,0.0,14.2
2023-03-03,105,26.0,0.0,17.9
2023-03-04,103,27.0,0.0,13.7
2023-03-05,111,26.2,0.0,13.7
2023-03-06,108,26.5,0.0,14.9
2023-03-07,96,25.9,0.0,18.0
2023-03-08,80,26.2,0.0,11.2
2023-03-09,99,26.4,0.0,12.6
2023-03-10,89,26.6,0.0,11.2
2023-03-11,101,26.2,0.0,13.7
2023-03-12,90,26.4,0.0,15.6
2023-03-13,84,26.4,0.0,12.4
2023-03-14,93,27.1,0.0,13.1
2023-03-15,98,26.9,0.0,14.3
2023-03-16,97,24.3,9.7,15.1
2023-03-17,78,22.2,29.6,18.0
2023-03-18,72,21.7,17.6,14.8
2023-03-19,69,22.6,0.3,14.0
2023-03-20,87,23.3,0.0,9.4
2023-03-21,93,23.5,0.0,9.2
2023-03-22,97,24.7,0.0,12.3
2023-03-23,95,25.1,0.0,13.2
2023-03-24,88,25.9,0.0,9.2
2023-03-25,85,26.0,0.7,12.7
2023-03-26,90,26.6,0.0,11.4
2023-03-27,81,26.5,0.0,14.4
2023-03-28,98,27.2,0.0,11.6
2023-03-29,91,27.8,0.0,13.9
2023-03-30,79,28.4,0.0,13.7
2023-03-31,85,27.2,0.0,15.6
2023-04-01,90,27.1,0.0,14.8
2023-04-02,90,27.2,0.5,9.1
2023-04-03,74,27.9,0.0,12.3
2023-04-04,74,28.5,0.0,16.3
2023-04-05,78,28.6,0.0,9.0
2023-04-06,95,27.5,2.5,20.8
2023-04-07,93,26.9,1.5,20.4
2023-04-08,89,26.8,0.1,21.3
2023-04-09,95,28.0,0.0,11.9
2023-04-10,95,28.2,0.0,10.1
2023-04-11,95,28.9,0.0,11.2
2023-04-12,96,29.8,0.0,10.6
2023-04-13,101,30.6,0.0,10.7
2023-04-14,104,30.5,0.0,19.4
2023-04-15,87,29.7,0.0,19.2
2023-04-16,92,30.1,0.0,10.2
2023-04-17,96,30.7,0.0,10.0
2023-04-18,106,31.1,0.0,12.7
2023-04-19,107,30.6,0.0,11.3
2023-04-20,102,31.0,0.0,16.4
2023-04-21,93,28.8,1.6,13.5
2023-04-22,74,28.9,0.0,11.1
2023-04-23,86,28.7,0.0,19.5
2023-04-24,67,28.0,4.2,15.3
2023-04-25,63,27.6,16.2,20.4
2023-04-26,55,26.6,2.5,13.8
2023-04-27,86,25.6,17.3,25.1
2023-04-28,96,26.8,0.5,11.9
2023-04-29,76,25.6,19.4,20.6
2023-04-30,74,24.7,17.7,18.1
2023-05-01,52,24.4,9.9,14.8
2023-05-02,66,24.9,7.0,16.2
2023-05-03,62,25.8,1.0,13.3
2023-05-04,68,26.3,0.2,10.7
2023-05-05,67,25.1,8.7,15.5
2023-05-06,81,26.8,1.8,10.7
2023-05-07,72,28.1,0.0,16.0
2023-05-08,77,28.5,0.0,10.8
2023-05-09,77,27.3,4.3,15.5
2023-05-10,80,27.7,15.3,12.2
2023-05-11,109,29.3,0.2,16.6
2023-05-12,95,29.6,0.0,12.8
2023-05-13,109,29.8,0.0,18.2
2023-05-14,94,30.2,0.0,25.2
2023-05-15,84,30.4,0.0,22.1
2023-05-16,86,29.6,0.0,19.4
2023-05-17,80,29.4,0.0,17.3
2023-05-18,96,30.4,0.0,10.1
2023-05-19,91,31.4,0.0,14.8
2023-05-20,98,30.3,0.1,22.2
2023-05-21,81,30.6,0.0,15.7
2023-05-22,78,29.1,15.1,14.7
2023-05-23,91,30.3,0.0,9.7
2023-05-24,84,30.3,3.4,18.6
2023-05-25,80,30.3,1.0,20.8
2023-05-26,78,30.4,0.0,19.5
2023-05-27,77,30.2,0.0,18.5
2023-05-28,85,30.7,0.0,17.6
2023-05-29,103,29.8,9.0,21.0
2023-05-30,90,28.3,11.0,19.8
2023-05-31,88,31.0,0.0,16.6
2023-06-01,87,31.1,0.0,15.9
2023-06-02,96,31.5,0.0,20.2
2023-06-03,88,31.4,0.0,16.1
2023-06-04,79,28.1,6.3,23.4
2023-06-05,61,29.3,0.0,18.8
2023-06-06,89,29.6,1.9,26.7
2023-06-07,79,31.2,0.1,19.6
2023-06-08,62,31.2,0.0,24.1
2023-06-09,72,31.1,0.0,21.2
2023-06-10,70,31.0,0.3,22.3
2023-06-11,57,30.3,0.0,20.1
2023-06-12,56,30.6,0.0,21.1
2023-06-13,70,31.1,0.0,22.0
2023-06-14,69,31.2,0.0,23.4
2023-06-15,69,31.1,0.0,21.8
2023-06-16,80,31.5,0.0,19.7
2023-06-17,67,31.4,0.0,24.6
2023-06-18,82,31.6,0.0,21.9
2023-06-19,78,31.4,0.1,19.6
2023-06-20,105,31.0,0.4,18.8
2023-06-21,91,29.5,9.3,21.7
2023-06-22,68,27.7,4.7,18.4
2023-06-23,72,27.1,11.2,19.8
2023-06-24,65,25.8,16.5,20.2
2023-06-25,52,26.5,3.9,22.8
2023-06-26,56,25.7,3.1,23.8
2023-06-27,61,27.0,1.0,25.3
2023-06-28,55,27.0,1.6,21.7
2023-06-29,57,27.6,0.1,24.5
2023-06-30,56,27.7,0.3,28.1
2023-07-01,55,28.5,0.3,23.4
2023-07-02,58,28.2,0.8,22.4
2023-07-03,59,27.7,1.9,23.4
2023-07-04,53,28.3,0.2,20.6
2023-07-05,57,26.6,3.3,19.5
2023-07-06,54,24.9,10.9,22.4
2023-07-07,50,26.3,2.9,27.1
2023-07-08,63,26.3,0.8,24.1
2023-07-09,51,26.8,1.2,20.9
2023-07-10,60,27.0,0.1,21.3
2023-07-11,74,26.2,0.0,21.1
2023-07-12,73,26.5,1.8,19.2
2023-07-13,63,27.0,0.7,17.1
2023-07-14,58,26.7,1.4,16.9
2023-07-15,56,26.6,0.9,23.5
2023-07-16,57,25.1,7.0,17.9
2023-07-17,52,24.9,6.4,27.7
2023-07-18,49,23.7,29.1,27.8
2023-07-19,52,23.7,28.8,32.4
2023-07-20,49,23.1,28.9,27.0
2023-07-21,58,24.4,17.8,31.4
2023-07-22,62,24.8,4.0,26.5
2023-07-23,51,24.7,17.4,23.5
2023-07-24,55,24.6,9.9,25.6
2023-07-25,45,24.3,16.1,27.7
2023-07-26,51,24.1,23.8,26.4
2023-07-27,49,23.1,82.7,30.1
2023-07-28,51,25.2,0.8,33.5
2023-07-29,60,25.7,0.8,27.0
2023-07-30,60,25.8,2.9,27.9
2023-07-31,56,25.6,1.1,24.0
2023-08-01,54,25.9,1.6,28.6
2023-08-02,60,25.8,0.2,30.3
2023-08-03,63,25.7,0.7,31.0
2023-08-04,64,26.0,1.7,27.4
2023-08-05,62,26.3,0.4,25.7
2023-08-06,61,26.3,0.4,25.8
2023-08-07,61,26.1,0.3,25.9
2023-08-08,70,26.1,0.0,21.5
2023-08-09,68,26.4,0.4,17.9
2023-08-10,86,26.6,0.7,16.5
2023-08-11,81,26.8,0.3,14.5
2023-08-12,80,26.8,0.1,18.6
2023-08-13,77,26.8,0.0,17.7
2023-08-14,91,26.7,0.1,17.6
2023-08-15,73,26.2,3.8,15.0
2023-08-16,80,26.1,3.8,17.6
2023-08-17,79,26.3,0.9,18.3
2023-08-18,82,25.1,3.3,20.0
2023-08-19,76,24.2,5.2,26.3
2023-08-20,74,25.4,1.4,20.0
2023-08-21,72,26.0,0.0,17.6
2023-08-22,75,26.0,2.0,14.2
2023-08-23,76,26.6,0.0,17.4
2023-08-24,74,26.8,0.3,17.5
2023-08-25,74,26.9,4.4,16.6
2023-08-26,65,26.3,0.7,18.8
2023-08-27,67,26.9,0.0,18.7
2023-08-28,71,26.3,0.6,19.5
2023-08-29,74,25.9,0.5,15.1
2023-08-30,94,26.4,0.1,14.3
2023-08-31,107,27.0,0.0,15.0
2023-09-01,98,26.7,8.9,12.6
2023-09-02,85,26.5,23.3,19.8
2023-09-03,68,24.8,27.9,18.1
2023-09-04,58,23.5,30.0,18.8
2023-09-05,63,23.5,27.0,22.0
2023-09-06,60,25.0,9.7,22.2
2023-09-07,82,25.3,1.7,26.3
2023-09-08,53,25.3,8.5,27.8
2023-09-09,52,25.4,3.3,25.4
2023-09-10,53,25.2,14.1,23.4
2023-09-11,66,25.9,0.0,22.1
2023-09-12,69,25.7,0.2,20.8
2023-09-13,62,25.8,0.2,18.0
2023-09-14,66,25.6,0.1,20.8
2023-09-15,56,26.1,0.1,21.7
2023-09-16,54,26.0,1.1,23.0
2023-09-17,52,25.9,0.1,20.5
2023-09-18,59,26.5,0.7,16.3
2023-09-19,60,26.7,0.0,17.3
2023-09-20,67,26.6,3.2,19.3
2023-09-21,65,25.6,3.8,14.0
2023-09-22,63,25.1,1.9,15.2
2023-09-23,65,25.4,8.2,13.0
2023-09-24,65,24.9,3.1,15.7
2023-09-25,53,24.8,3.3,16.6
2023-09-26,71,25.4,7.7,10.5
2023-09-27,77,25.6,5.7,8.9
2023-09-28,75,25.6,17.0,11.0
2023-09-29,65,25.4,30.9,12.4
2023-09-30,70,25.5,1.9,16.9
2023-10-01,57,25.6,6.9,17.5
2023-10-02,61,26.2,0.8,15.3
2023-10-03,83,27.0,0.0,17.7
2023-10-04,94,26.8,0.0,13.4
2023-10-05,97,25.7,0.0,13.7
2023-10-06,94,25.3,0.0,17.3
2023-10-07,88,25.8,0.0,14.8
2023-10-08,92,26.0,0.0,10.0
2023-10-09,96,26.6,0.0,14.3
2023-10-10,105,25.9,24.6,12.2
2023-10-11,104,26.6,0.0,13.9
2023-10-12,102,26.7,0.0,11.8
2023-10-13,106,26.6,0.0,11.2
2023-10-14,106,26.9,0.0,11.3
2023-10-15,88,26.7,0.0,10.3
2023-10-16,90,26.6,0.8,9.8
2023-10-17,85,26.4,0.2,9.7
2023-10-18,86,26.1,0.1,11.9
2023-10-19,96,26.3,0.0,16.2
2023-10-20,99,26.4,0.0,12.4
2023-10-21,94,25.7,0.0,12.2
2023-10-22,94,25.2,0.0,18.9
2023-10-23,89,24.3,0.0,16.9
2023-10-24,77,23.7,0.0,16.3
2023-10-25,84,23.9,0.0,14.9
2023-10-26,89,23.6,0.0,15.8
2023-10-27,89,23.9,0.0,17.6
2023-10-28,90,24.4,0.1,14.0
2023-10-29,84,25.1,1.8,10.4
2023-10-30,99,24.5,0.3,12.2
2023-10-31,101,24.8,0.0,11.8
2023-11-01,96,24.8,0.0,8.9
2023-11-02,92,24.5,4.5,18.4
2023-11-03,73,24.7,1.9,11.8
2023-11-04,75,25.0,1.7,12.7
2023-11-05,98,25.0,0.0,12.8
2023-11-06,89,24.5,6.5,13.8
2023-11-07,66,24.0,8.3,14.2
2023-11-08,58,24.1,9.0,11.2
2023-11-09,69,24.3,0.0,11.3
2023-11-10,97,24.5,0.0,11.1
2023-11-11,94,24.2,0.0,10.5
2023-11-12,125,24.8,0.0,11.8
2023-11-13,171,24.4,0.0,9.4
2023-11-14,123,24.2,0.0,9.7
2023-11-15,128,23.8,0.0,11.3
2023-11-16,138,23.6,0.0,10.7
2023-11-17,115,23.6,0.0,9.6
2023-11-18,109,24.0,0.0,10.7
2023-11-19,87,24.0,0.0,13.4
2023-11-20,74,24.0,0.0,10.7
2023-11-21,82,24.2,0.9,12.9
2023-11-22,74,24.2,0.9,11.6
2023-11-23,71,23.3,1.2,17.7
2023-11-24,61,23.0,7.2,16.4
2023-11-25,85,23.6,0.0,17.1
2023-11-26,93,23.9,0.2,16.0
2023-11-27,112,23.9,0.0,13.8
2023-11-28,83,23.5,5.9,14.1
2023-11-29,66,23.9,0.8,15.5
2023-11-30,59,24.1,0.0,15.6
2023-12-01,71,23.4,0.0,14.4
2023-12-02,85,23.7,0.0,14.8
2023-12-03,69,24.5,0.0,16.5
2023-12-04,69,23.8,1.0,18.2
2023-12-05,72,22.2,6.2,24.2
2023-12-06,61,22.7,3.1,17.7
2023-12-07,58,22.3,0.0,11.4
2023-12-08,62,22.2,0.0,11.3
2023-12-09,74,22.7,0.0,9.0
2023-12-10,79,22.1,0.0,10.5
2023-12-11,92,21.5,0.0,10.1
2023-12-12,82,21.2,0.0,9.7
2023-12-13,82,21.2,0.0,11.2
2023-12-14,94,20.7,0.0,12.0
2023-12-15,92,21.3,0.0,9.9
2023-12-16,108,22.1,0.0,10.3
2023-12-17,115,22.5,0.0,15.3
2023-12-18,118,21.6,0.0,14.2
2023-12-19,97,21.2,0.0,12.0
2023-12-20,127,20.5,0.0,10.1
2023-12-21,112,20.4,0.0,9.4
2023-12-22,125,20.5,0.0,10.1
2023-12-23,131,21.3,0.0,13.0
2023-12-24,124,21.2,0.0,11.3
2023-12-25,134,21.3,0.0,9.7
2023-12-26,121,21.6,0.0,8.9
2023-12-27,120,21.7,0.0,10.9
2023-12-28,113,21.3,0.0,12.4
2023-12-29,98,20.7,0.0,11.8
2023-12-30,90,21.2,0.0,10.8
2023-12-31,93,20.8,0.0,10.0
